ticker,name,asset_class,region,country,exchange,currency,instrument_type,data_source,status,rows,first_date,last_date,latest_close,symbol
ALI=F,Aluminium Futures,COMMODITY,Global,Global,Yahoo Finance,USD,Commodity Future,Yahoo Finance,USABLE,62,2026-06-15,2026-09-11,3406.25,ALI=F
BZ=F,Brent Crude Oil Futures,COMMODITY,Global,Global,Yahoo Finance,USD,Commodity Future,Yahoo Finance,USABLE,62,2026-06-15,2026-09-11,104.61000061035156,BZ=F
CC=F,Cocoa Futures,COMMODITY,Global,Global,Yahoo Finance,USD,Commodity Future,Yahoo Finance,USABLE,62,2026-06-15,2026-09-11,5913.0,CC=F
KC=F,Coffee Futures,COMMODITY,Global,Global,Yahoo Finance,USD,Commodity Future,Yahoo Finance,USABLE,62,2026-06-15,2026-09-11,284.25,KC=F
HG=F,Copper Futures,COMMODITY,Global,Global,Yahoo Finance,USD,Commodity Future,Yahoo Finance,USABLE,62,2026-06-15,2026-09-11,6.547999858856201,HG=F
ZC=F,Corn Futures,COMMODITY,Global,Global,Yahoo Finance,USD,Commodity Future,Yahoo Finance,USABLE,62,2026-06-15,2026-09-11,532.0,ZC=F
CT=F,Cotton Futures,COMMODITY,Global,Global,Yahoo Finance,USD,Commodity Future,Yahoo Finance,USABLE,62,2026-06-15,2026-09-11,82.37999725341797,CT=F
GC=F,Gold Futures,COMMODITY,Global,Global,Yahoo Finance,USD,Commodity Future,Yahoo Finance,USABLE,62,2026-06-15,2026-09-11,4408.89990234375,GC=F
HE=F,Lean Hogs Futures,COMMODITY,Global,Global,Yahoo Finance,USD,Commodity Future,Yahoo Finance,USABLE,62,2026-06-15,2026-09-11,81.5250015258789,HE=F
LE=F,Live Cattle Futures,COMMODITY,Global,Global,Yahoo Finance,USD,Commodity Future,Yahoo Finance,USABLE,62,2026-06-15,2026-09-11,219.6750030517578,LE=F
LBR=F,Lumber Futures,COMMODITY,Global,Global,Yahoo Finance,USD,Commodity Future,Yahoo Finance,USABLE,62,2026-06-15,2026-09-11,569.0,LBR=F
NG=F,Natural Gas Futures,COMMODITY,Global,Global,Yahoo Finance,USD,Commodity Future,Yahoo Finance,USABLE,62,2026-06-15,2026-09-11,2.8310000896453857,NG=F
PA=F,Palladium Futures,COMMODITY,Global,Global,Yahoo Finance,USD,Commodity Future,Yahoo Finance,USABLE,62,2026-06-15,2026-09-11,1323.9000244140625,PA=F
PL=F,Platinum Futures,COMMODITY,Global,Global,Yahoo Finance,USD,Commodity Future,Yahoo Finance,USABLE,62,2026-06-15,2026-09-11,1797.5999755859375,PL=F
SI=F,Silver Futures,COMMODITY,Global,Global,Yahoo Finance,USD,Commodity Future,Yahoo Finance,USABLE,62,2026-06-15,2026-09-11,65.18800354003906,SI=F
SB=F,Sugar Futures,COMMODITY,Global,Global,Yahoo Finance,USD,Commodity Future,Yahoo Finance,USABLE,62,2026-06-15,2026-09-11,18.14999961853028,SB=F
CL=F,WTI Crude Oil Futures,COMMODITY,Global,Global,Yahoo Finance,USD,Commodity Future,Yahoo Finance,USABLE,62,2026-06-15,2026-09-11,100.0500030517578,CL=F
ZW=F,Wheat Futures,COMMODITY,Global,Global,Yahoo Finance,USD,Commodity Future,Yahoo Finance,USABLE,62,2026-06-15,2026-09-11,726.25,ZW=F
DBA,Agriculture Fund,COMMODITY,Global,United States,NASDAQ/NYSE,USD,Commodity ETF,Yahoo Finance,USABLE,63,2026-06-12,2026-09-11,28.93000030517578,DBA
DBC,Commodity Index Fund,COMMODITY,Global,United States,NASDAQ/NYSE,USD,Commodity ETF,Yahoo Finance,USABLE,63,2026-06-12,2026-09-11,33.15999984741211,DBC
PALL,Physical Palladium Shares,COMMODITY,Global,United States,NASDAQ/NYSE,USD,Commodity ETF,Yahoo Finance,USABLE,63,2026-06-12,2026-09-11,23.6200008392334,PALL
PPLT,Physical Platinum Shares,COMMODITY,Global,United States,NASDAQ/NYSE,USD,Commodity ETF,Yahoo Finance,USABLE,63,2026-06-12,2026-09-11,16.260000228881836,PPLT
GSG,S&P GSCI Commodity Trust,COMMODITY,Global,United States,NASDAQ/NYSE,USD,Commodity ETF,Yahoo Finance,USABLE,63,2026-06-12,2026-09-11,36.470001220703125,GSG
GLD,SPDR Gold Shares,COMMODITY,Global,United States,NASDAQ/NYSE,USD,Commodity ETF,Yahoo Finance,USABLE,63,2026-06-12,2026-09-11,398.7699890136719,GLD
BNO,United States Brent Oil Fund,COMMODITY,Global,United States,NASDAQ/NYSE,USD,Commodity ETF,Yahoo Finance,USABLE,63,2026-06-12,2026-09-11,61.369998931884766,BNO
CPER,United States Copper Fund,COMMODITY,Global,United States,NASDAQ/NYSE,USD,Commodity ETF,Yahoo Finance,USABLE,63,2026-06-12,2026-09-11,39.18000030517578,CPER
UNG,United States Natural Gas Fund,COMMODITY,Global,United States,NASDAQ/NYSE,USD,Commodity ETF,Yahoo Finance,USABLE,63,2026-06-12,2026-09-11,10.170000076293944,UNG
USO,United States Oil Fund,COMMODITY,Global,United States,NASDAQ/NYSE,USD,Commodity ETF,Yahoo Finance,USABLE,63,2026-06-12,2026-09-11,154.89999389648438,USO
IAU,iShares Gold Trust,COMMODITY,Global,United States,NASDAQ/NYSE,USD,Commodity ETF,Yahoo Finance,USABLE,63,2026-06-12,2026-09-11,81.70999908447266,IAU
SLV,iShares Silver Trust,COMMODITY,Global,United States,NASDAQ/NYSE,USD,Commodity ETF,Yahoo Finance,USABLE,63,2026-06-12,2026-09-11,58.119998931884766,SLV
ALGO-USD,Algorand,CRYPTO,Global,Global,Yahoo Finance,USD,Cryptocurrency,Yahoo Finance,USABLE,92,2026-06-13,2026-09-13,0.092689998447895,ALGO-USD
ARB-USD,Arbitrum,CRYPTO,Global,Global,Yahoo Finance,USD,Cryptocurrency,Yahoo Finance,USABLE,92,2026-06-13,2026-09-13,0.0006290287710726,ARB-USD
AVAX-USD,Avalanche,CRYPTO,Global,Global,Yahoo Finance,USD,Cryptocurrency,Yahoo Finance,USABLE,92,2026-06-13,2026-09-13,7.394000053405762,AVAX-USD
BNB-USD,BNB,CRYPTO,Global,Global,Yahoo Finance,USD,Cryptocurrency,Yahoo Finance,USABLE,92,2026-06-13,2026-09-13,722.3400268554688,BNB-USD
BTC-USD,Bitcoin,CRYPTO,Global,Global,Yahoo Finance,USD,Cryptocurrency,Yahoo Finance,USABLE,92,2026-06-13,2026-09-13,77115.3203125,BTC-USD
BCH-USD,Bitcoin Cash,CRYPTO,Global,Global,Yahoo Finance,USD,Cryptocurrency,Yahoo Finance,USABLE,92,2026-06-13,2026-09-13,224.67999267578125,BCH-USD
ADA-USD,Cardano,CRYPTO,Global,Global,Yahoo Finance,USD,Cryptocurrency,Yahoo Finance,USABLE,92,2026-06-13,2026-09-13,0.207069993019104,ADA-USD
LINK-USD,Chainlink,CRYPTO,Global,Global,Yahoo Finance,USD,Cryptocurrency,Yahoo Finance,USABLE,92,2026-06-13,2026-09-13,11.446000099182127,LINK-USD
ATOM-USD,Cosmos,CRYPTO,Global,Global,Yahoo Finance,USD,Cryptocurrency,Yahoo Finance,USABLE,92,2026-06-13,2026-09-13,1.600100040435791,ATOM-USD
MANA-USD,Decentraland,CRYPTO,Global,Global,Yahoo Finance,USD,Cryptocurrency,Yahoo Finance,USABLE,92,2026-06-13,2026-09-13,0.0784000009298324,MANA-USD
DOGE-USD,Dogecoin,CRYPTO,Global,Global,Yahoo Finance,USD,Cryptocurrency,Yahoo Finance,USABLE,92,2026-06-13,2026-09-13,0.0843499973416328,DOGE-USD
ETH-USD,Ethereum,CRYPTO,Global,Global,Yahoo Finance,USD,Cryptocurrency,Yahoo Finance,USABLE,92,2026-06-13,2026-09-13,2511.820068359375,ETH-USD
ETC-USD,Ethereum Classic,CRYPTO,Global,Global,Yahoo Finance,USD,Cryptocurrency,Yahoo Finance,USABLE,92,2026-06-13,2026-09-13,7.624000072479248,ETC-USD
FIL-USD,Filecoin,CRYPTO,Global,Global,Yahoo Finance,USD,Cryptocurrency,Yahoo Finance,USABLE,92,2026-06-13,2026-09-13,0.8109999895095825,FIL-USD
HBAR-USD,Hedera,CRYPTO,Global,Global,Yahoo Finance,USD,Cryptocurrency,Yahoo Finance,USABLE,92,2026-06-13,2026-09-13,0.0753699988126754,HBAR-USD
ICP-USD,Internet Computer,CRYPTO,Global,Global,Yahoo Finance,USD,Cryptocurrency,Yahoo Finance,USABLE,92,2026-06-13,2026-09-13,2.7056000232696533,ICP-USD
LTC-USD,Litecoin,CRYPTO,Global,Global,Yahoo Finance,USD,Cryptocurrency,Yahoo Finance,USABLE,92,2026-06-13,2026-09-13,54.084999084472656,LTC-USD
NEAR-USD,NEAR Protocol,CRYPTO,Global,Global,Yahoo Finance,USD,Cryptocurrency,Yahoo Finance,USABLE,92,2026-06-13,2026-09-13,2.312099933624268,NEAR-USD
OP-USD,Optimism,CRYPTO,Global,Global,Yahoo Finance,USD,Cryptocurrency,Yahoo Finance,USABLE,92,2026-06-13,2026-09-13,0.0956799983978271,OP-USD
DOT-USD,Polkadot,CRYPTO,Global,Global,Yahoo Finance,USD,Cryptocurrency,Yahoo Finance,USABLE,92,2026-06-13,2026-09-13,1.0151000022888184,DOT-USD
SHIB-USD,Shiba Inu,CRYPTO,Global,Global,Yahoo Finance,USD,Cryptocurrency,Yahoo Finance,USABLE,92,2026-06-13,2026-09-13,5.2400000640773214e-06,SHIB-USD
SOL-USD,Solana,CRYPTO,Global,Global,Yahoo Finance,USD,Cryptocurrency,Yahoo Finance,USABLE,92,2026-06-13,2026-09-13,101.18000030517578,SOL-USD
XLM-USD,Stellar,CRYPTO,Global,Global,Yahoo Finance,USD,Cryptocurrency,Yahoo Finance,USABLE,92,2026-06-13,2026-09-13,0.1797309964895248,XLM-USD
TRX-USD,TRON,CRYPTO,Global,Global,Yahoo Finance,USD,Cryptocurrency,Yahoo Finance,USABLE,92,2026-06-13,2026-09-13,0.3396733403205871,TRX-USD
SAND-USD,The Sandbox,CRYPTO,Global,Global,Yahoo Finance,USD,Cryptocurrency,Yahoo Finance,USABLE,92,2026-06-13,2026-09-13,0.0361000001430511,SAND-USD
VET-USD,VeChain,CRYPTO,Global,Global,Yahoo Finance,USD,Cryptocurrency,Yahoo Finance,USABLE,92,2026-06-13,2026-09-13,0.0077590001747012,VET-USD
XRP-USD,XRP,CRYPTO,Global,Global,Yahoo Finance,USD,Cryptocurrency,Yahoo Finance,USABLE,92,2026-06-13,2026-09-13,1.361199975013733,XRP-USD
BNB-INR,BNB INR,CRYPTO,Asia,India,NSE/BSE,INR,Cryptocurrency / INR,Yahoo Finance,USABLE,92,2026-06-13,2026-09-13,69139.5234375,BNB-INR
BTC-INR,Bitcoin INR,CRYPTO,Asia,India,NSE/BSE,INR,Cryptocurrency / INR,Yahoo Finance,USABLE,92,2026-06-13,2026-09-13,7379586.5,BTC-INR
ADA-INR,Cardano INR,CRYPTO,Asia,India,NSE/BSE,INR,Cryptocurrency / INR,Yahoo Finance,USABLE,92,2026-06-13,2026-09-13,19.846330642700195,ADA-INR
DOGE-INR,Dogecoin INR,CRYPTO,Asia,India,NSE/BSE,INR,Cryptocurrency / INR,Yahoo Finance,USABLE,92,2026-06-13,2026-09-13,8.083549499511719,DOGE-INR
ETH-INR,Ethereum INR,CRYPTO,Asia,India,NSE/BSE,INR,Cryptocurrency / INR,Yahoo Finance,USABLE,92,2026-06-13,2026-09-13,240419.109375,ETH-INR
LTC-INR,Litecoin INR,CRYPTO,Asia,India,NSE/BSE,INR,Cryptocurrency / INR,Yahoo Finance,USABLE,92,2026-06-13,2026-09-13,5180.2861328125,LTC-INR
SOL-INR,Solana INR,CRYPTO,Asia,India,NSE/BSE,INR,Cryptocurrency / INR,Yahoo Finance,USABLE,92,2026-06-13,2026-09-13,9685.8154296875,SOL-INR
XRP-INR,XRP INR,CRYPTO,Asia,India,NSE/BSE,INR,Cryptocurrency / INR,Yahoo Finance,USABLE,92,2026-06-13,2026-09-13,130.42356872558594,XRP-INR
ANZ.AX,ANZ Group,EQUITY,Oceania,Australia,ASX,AUD,Stock,Yahoo Finance,USABLE,67,2026-06-11,2026-09-11,37.27000045776367,ANZ.AX
BHP.AX,BHP,EQUITY,Oceania,Australia,ASX,AUD,Stock,Yahoo Finance,USABLE,67,2026-06-11,2026-09-11,60.869998931884766,BHP.AX
CSL.AX,CSL,EQUITY,Oceania,Australia,ASX,AUD,Stock,Yahoo Finance,USABLE,67,2026-06-11,2026-09-11,167.10000610351562,CSL.AX
CBA.AX,Commonwealth Bank,EQUITY,Oceania,Australia,ASX,AUD,Stock,Yahoo Finance,USABLE,67,2026-06-11,2026-09-11,154.19000244140625,CBA.AX
FMG.AX,Fortescue,EQUITY,Oceania,Australia,ASX,AUD,Stock,Yahoo Finance,USABLE,67,2026-06-11,2026-09-11,16.670000076293945,FMG.AX
GMG.AX,Goodman Group,EQUITY,Oceania,Australia,ASX,AUD,Stock,Yahoo Finance,USABLE,67,2026-06-11,2026-09-11,26.90999984741211,GMG.AX
MQG.AX,Macquarie,EQUITY,Oceania,Australia,ASX,AUD,Stock,Yahoo Finance,USABLE,67,2026-06-11,2026-09-11,245.25,MQG.AX
NAB.AX,National Australia Bank,EQUITY,Oceania,Australia,ASX,AUD,Stock,Yahoo Finance,USABLE,67,2026-06-11,2026-09-11,38.720001220703125,NAB.AX
RIO.AX,Rio Tinto,EQUITY,Oceania,Australia,ASX,AUD,Stock,Yahoo Finance,USABLE,67,2026-06-11,2026-09-11,168.3000030517578,RIO.AX
TLS.AX,Telstra,EQUITY,Oceania,Australia,ASX,AUD,Stock,Yahoo Finance,USABLE,67,2026-06-11,2026-09-11,4.829999923706055,TLS.AX
TCL.AX,Transurban,EQUITY,Oceania,Australia,ASX,AUD,Stock,Yahoo Finance,USABLE,67,2026-06-11,2026-09-11,13.720000267028809,TCL.AX
WES.AX,Wesfarmers,EQUITY,Oceania,Australia,ASX,AUD,Stock,Yahoo Finance,USABLE,67,2026-06-11,2026-09-11,72.81999969482422,WES.AX
WBC.AX,Westpac,EQUITY,Oceania,Australia,ASX,AUD,Stock,Yahoo Finance,USABLE,67,2026-06-11,2026-09-11,34.220001220703125,WBC.AX
WDS.AX,Woodside Energy,EQUITY,Oceania,Australia,ASX,AUD,Stock,Yahoo Finance,USABLE,67,2026-06-11,2026-09-11,32.86000061035156,WDS.AX
WOW.AX,Woolworths,EQUITY,Oceania,Australia,ASX,AUD,Stock,Yahoo Finance,USABLE,67,2026-06-11,2026-09-11,38.5,WOW.AX
ABEV3.SA,Ambev,EQUITY,Latin America,Brazil,B3,BRL,Stock,Yahoo Finance,USABLE,66,2026-06-11,2026-09-11,15.619999885559082,ABEV3.SA
BBAS3.SA,Banco do Brasil,EQUITY,Latin America,Brazil,B3,BRL,Stock,Yahoo Finance,USABLE,66,2026-06-11,2026-09-11,22.489999771118164,BBAS3.SA
BBDC4.SA,Bradesco,EQUITY,Latin America,Brazil,B3,BRL,Stock,Yahoo Finance,USABLE,66,2026-06-11,2026-09-11,18.59000015258789,BBDC4.SA
GGBR4.SA,Gerdau,EQUITY,Latin America,Brazil,B3,BRL,Stock,Yahoo Finance,USABLE,66,2026-06-11,2026-09-11,26.100000381469727,GGBR4.SA
ITUB4.SA,Itau Unibanco,EQUITY,Latin America,Brazil,B3,BRL,Stock,Yahoo Finance,USABLE,66,2026-06-11,2026-09-11,42.72999954223633,ITUB4.SA
RENT3.SA,Localiza,EQUITY,Latin America,Brazil,B3,BRL,Stock,Yahoo Finance,USABLE,66,2026-06-11,2026-09-11,35.79999923706055,RENT3.SA
PETR4.SA,Petrobras,EQUITY,Latin America,Brazil,B3,BRL,Stock,Yahoo Finance,USABLE,66,2026-06-11,2026-09-11,49.0,PETR4.SA
SUZB3.SA,Suzano,EQUITY,Latin America,Brazil,B3,BRL,Stock,Yahoo Finance,USABLE,66,2026-06-11,2026-09-11,47.810001373291016,SUZB3.SA
VALE3.SA,Vale,EQUITY,Latin America,Brazil,B3,BRL,Stock,Yahoo Finance,USABLE,66,2026-06-11,2026-09-11,78.19999694824219,VALE3.SA
WEGE3.SA,WEG,EQUITY,Latin America,Brazil,B3,BRL,Stock,Yahoo Finance,USABLE,66,2026-06-11,2026-09-11,51.4900016784668,WEGE3.SA
BCE.TO,BCE,EQUITY,North America,Canada,TSX,CAD,Stock,Yahoo Finance,USABLE,64,2026-06-11,2026-09-11,32.38999938964844,BCE.TO
BMO.TO,Bank of Montreal,EQUITY,North America,Canada,TSX,CAD,Stock,Yahoo Finance,USABLE,64,2026-06-11,2026-09-11,242.47000122070312,BMO.TO
BNS.TO,Bank of Nova Scotia,EQUITY,North America,Canada,TSX,CAD,Stock,Yahoo Finance,USABLE,64,2026-06-11,2026-09-11,129.6300048828125,BNS.TO
CNR.TO,Canadian National Railway,EQUITY,North America,Canada,TSX,CAD,Stock,Yahoo Finance,USABLE,64,2026-06-11,2026-09-11,169.60000610351562,CNR.TO
CNQ.TO,Canadian Natural Resources,EQUITY,North America,Canada,TSX,CAD,Stock,Yahoo Finance,USABLE,64,2026-06-11,2026-09-11,69.31999969482422,CNQ.TO
CP.TO,Canadian Pacific Kansas City,EQUITY,North America,Canada,TSX,CAD,Stock,Yahoo Finance,USABLE,64,2026-06-11,2026-09-11,123.83999633789062,CP.TO
ENB.TO,Enbridge,EQUITY,North America,Canada,TSX,CAD,Stock,Yahoo Finance,USABLE,64,2026-06-11,2026-09-11,66.2300033569336,ENB.TO
MFC.TO,Manulife,EQUITY,North America,Canada,TSX,CAD,Stock,Yahoo Finance,USABLE,64,2026-06-11,2026-09-11,60.27999877929688,MFC.TO
RY.TO,Royal Bank of Canada,EQUITY,North America,Canada,TSX,CAD,Stock,Yahoo Finance,USABLE,64,2026-06-11,2026-09-11,285.20001220703125,RY.TO
SHOP.TO,Shopify,EQUITY,North America,Canada,TSX,CAD,Stock,Yahoo Finance,USABLE,64,2026-06-11,2026-09-11,178.41000366210938,SHOP.TO
SLF.TO,Sun Life,EQUITY,North America,Canada,TSX,CAD,Stock,Yahoo Finance,USABLE,64,2026-06-11,2026-09-11,110.5500030517578,SLF.TO
SU.TO,Suncor Energy,EQUITY,North America,Canada,TSX,CAD,Stock,Yahoo Finance,USABLE,64,2026-06-11,2026-09-11,95.3000030517578,SU.TO
TRP.TO,TC Energy,EQUITY,North America,Canada,TSX,CAD,Stock,Yahoo Finance,USABLE,64,2026-06-11,2026-09-11,84.30999755859375,TRP.TO
T.TO,TELUS,EQUITY,North America,Canada,TSX,CAD,Stock,Yahoo Finance,USABLE,64,2026-06-11,2026-09-11,12.600000381469728,T.TO
TD.TO,Toronto-Dominion Bank,EQUITY,North America,Canada,TSX,CAD,Stock,Yahoo Finance,USABLE,64,2026-06-11,2026-09-11,167.72000122070312,TD.TO
CS.PA,AXA,EQUITY,Europe,France,EURONEXT_PARIS,EUR,Stock,Yahoo Finance,USABLE,66,2026-06-11,2026-09-11,43.18999862670898,CS.PA
AI.PA,Air Liquide,EQUITY,Europe,France,EURONEXT_PARIS,EUR,Stock,Yahoo Finance,USABLE,66,2026-06-11,2026-09-11,166.52000427246094,AI.PA
AIR.PA,Airbus,EQUITY,Europe,France,EURONEXT_PARIS,EUR,Stock,Yahoo Finance,USABLE,66,2026-06-11,2026-09-11,199.3999938964844,AIR.PA
BNP.PA,BNP Paribas,EQUITY,Europe,France,EURONEXT_PARIS,EUR,Stock,Yahoo Finance,USABLE,66,2026-06-11,2026-09-11,103.76000213623048,BNP.PA
CAP.PA,Capgemini,EQUITY,Europe,France,EURONEXT_PARIS,EUR,Stock,Yahoo Finance,USABLE,66,2026-06-11,2026-09-11,102.9000015258789,CAP.PA
BN.PA,Danone,EQUITY,Europe,France,EURONEXT_PARIS,EUR,Stock,Yahoo Finance,USABLE,66,2026-06-11,2026-09-11,61.380001068115234,BN.PA
ENGI.PA,Engie,EQUITY,Europe,France,EURONEXT_PARIS,EUR,Stock,Yahoo Finance,USABLE,66,2026-06-11,2026-09-11,23.979999542236328,ENGI.PA
EL.PA,EssilorLuxottica,EQUITY,Europe,France,EURONEXT_PARIS,EUR,Stock,Yahoo Finance,USABLE,66,2026-06-11,2026-09-11,146.39999389648438,EL.PA
RMS.PA,Hermes,EQUITY,Europe,France,EURONEXT_PARIS,EUR,Stock,Yahoo Finance,USABLE,66,2026-06-11,2026-09-11,1399.5,RMS.PA
KER.PA,Kering,EQUITY,Europe,France,EURONEXT_PARIS,EUR,Stock,Yahoo Finance,USABLE,66,2026-06-11,2026-09-11,238.6000061035156,KER.PA
OR.PA,L'Oreal,EQUITY,Europe,France,EURONEXT_PARIS,EUR,Stock,Yahoo Finance,USABLE,66,2026-06-11,2026-09-11,379.8500061035156,OR.PA
MC.PA,LVMH,EQUITY,Europe,France,EURONEXT_PARIS,EUR,Stock,Yahoo Finance,USABLE,66,2026-06-11,2026-09-11,415.2999877929688,MC.PA
ORA.PA,Orange,EQUITY,Europe,France,EURONEXT_PARIS,EUR,Stock,Yahoo Finance,USABLE,66,2026-06-11,2026-09-11,15.545000076293944,ORA.PA
RI.PA,Pernod Ricard,EQUITY,Europe,France,EURONEXT_PARIS,EUR,Stock,Yahoo Finance,USABLE,66,2026-06-11,2026-09-11,59.41999816894531,RI.PA
SAF.PA,Safran,EQUITY,Europe,France,EURONEXT_PARIS,EUR,Stock,Yahoo Finance,USABLE,66,2026-06-11,2026-09-11,330.20001220703125,SAF.PA
SAN.PA,Sanofi,EQUITY,Europe,France,EURONEXT_PARIS,EUR,Stock,Yahoo Finance,USABLE,66,2026-06-11,2026-09-11,73.26000213623047,SAN.PA
SU.PA,Schneider Electric,EQUITY,Europe,France,EURONEXT_PARIS,EUR,Stock,Yahoo Finance,USABLE,66,2026-06-11,2026-09-11,291.1000061035156,SU.PA
TTE.PA,TotalEnergies,EQUITY,Europe,France,EURONEXT_PARIS,EUR,Stock,Yahoo Finance,USABLE,66,2026-06-11,2026-09-11,78.7699966430664,TTE.PA
DG.PA,Vinci,EQUITY,Europe,France,EURONEXT_PARIS,EUR,Stock,Yahoo Finance,USABLE,66,2026-06-11,2026-09-11,111.4499969482422,DG.PA
VIV.PA,Vivendi,EQUITY,Europe,France,EURONEXT_PARIS,EUR,Stock,Yahoo Finance,USABLE,66,2026-06-11,2026-09-11,1.527999997138977,VIV.PA
ADS.DE,Adidas,EQUITY,Europe,Germany,XETRA,EUR,Stock,Yahoo Finance,USABLE,66,2026-06-11,2026-09-11,142.75,ADS.DE
ALV.DE,Allianz,EQUITY,Europe,Germany,XETRA,EUR,Stock,Yahoo Finance,USABLE,66,2026-06-11,2026-09-11,442.2999877929688,ALV.DE
BAS.DE,BASF,EQUITY,Europe,Germany,XETRA,EUR,Stock,Yahoo Finance,USABLE,66,2026-06-11,2026-09-11,51.83000183105469,BAS.DE
BMW.DE,BMW,EQUITY,Europe,Germany,XETRA,EUR,Stock,Yahoo Finance,USABLE,66,2026-06-11,2026-09-11,63.0,BMW.DE
BAYN.DE,Bayer,EQUITY,Europe,Germany,XETRA,EUR,Stock,Yahoo Finance,USABLE,66,2026-06-11,2026-09-11,48.16999816894531,BAYN.DE
BEI.DE,Beiersdorf,EQUITY,Europe,Germany,XETRA,EUR,Stock,Yahoo Finance,USABLE,66,2026-06-11,2026-09-11,73.31999969482422,BEI.DE
DHL.DE,DHL Group,EQUITY,Europe,Germany,XETRA,EUR,Stock,Yahoo Finance,USABLE,66,2026-06-11,2026-09-11,55.02000045776367,DHL.DE
DBK.DE,Deutsche Bank,EQUITY,Europe,Germany,XETRA,EUR,Stock,Yahoo Finance,USABLE,66,2026-06-11,2026-09-11,34.84000015258789,DBK.DE
DTE.DE,Deutsche Telekom,EQUITY,Europe,Germany,XETRA,EUR,Stock,Yahoo Finance,USABLE,66,2026-06-11,2026-09-11,28.59000015258789,DTE.DE
EOAN.DE,E.ON,EQUITY,Europe,Germany,XETRA,EUR,Stock,Yahoo Finance,USABLE,66,2026-06-11,2026-09-11,17.635000228881836,EOAN.DE
HEN3.DE,Henkel,EQUITY,Europe,Germany,XETRA,EUR,Stock,Yahoo Finance,USABLE,66,2026-06-11,2026-09-11,72.30000305175781,HEN3.DE
IFX.DE,Infineon,EQUITY,Europe,Germany,XETRA,EUR,Stock,Yahoo Finance,USABLE,66,2026-06-11,2026-09-11,58.560001373291016,IFX.DE
MTX.DE,MTU Aero Engines,EQUITY,Europe,Germany,XETRA,EUR,Stock,Yahoo Finance,USABLE,66,2026-06-11,2026-09-11,343.70001220703125,MTX.DE
MBG.DE,Mercedes-Benz,EQUITY,Europe,Germany,XETRA,EUR,Stock,Yahoo Finance,USABLE,66,2026-06-11,2026-09-11,46.68000030517578,MBG.DE
MUV2.DE,Munich Re,EQUITY,Europe,Germany,XETRA,EUR,Stock,Yahoo Finance,USABLE,66,2026-06-11,2026-09-11,503.3999938964844,MUV2.DE
RWE.DE,RWE,EQUITY,Europe,Germany,XETRA,EUR,Stock,Yahoo Finance,USABLE,66,2026-06-11,2026-09-11,59.84000015258789,RWE.DE
SAP.DE,SAP,EQUITY,Europe,Germany,XETRA,EUR,Stock,Yahoo Finance,USABLE,66,2026-06-11,2026-09-11,177.25999450683594,SAP.DE
SIE.DE,Siemens,EQUITY,Europe,Germany,XETRA,EUR,Stock,Yahoo Finance,USABLE,66,2026-06-11,2026-09-11,264.6499938964844,SIE.DE
VOW3.DE,Volkswagen,EQUITY,Europe,Germany,XETRA,EUR,Stock,Yahoo Finance,USABLE,66,2026-06-11,2026-09-11,81.18000030517578,VOW3.DE
VNA.DE,Vonovia,EQUITY,Europe,Germany,XETRA,EUR,Stock,Yahoo Finance,USABLE,66,2026-06-11,2026-09-11,18.104999542236328,VNA.DE
1299.HK,AIA,EQUITY,Asia,Hong Kong,HKEX,HKD,Stock,Yahoo Finance,USABLE,65,2026-06-11,2026-09-11,75.05000305175781,1299.HK
9988.HK,Alibaba,EQUITY,Asia,Hong Kong,HKEX,HKD,Stock,Yahoo Finance,USABLE,65,2026-06-11,2026-09-11,107.5,9988.HK
3988.HK,Bank of China,EQUITY,Asia,Hong Kong,HKEX,HKD,Stock,Yahoo Finance,USABLE,65,2026-06-11,2026-09-11,6.045000076293945,3988.HK
0001.HK,CK Hutchison,EQUITY,Asia,Hong Kong,HKEX,HKD,Stock,Yahoo Finance,USABLE,65,2026-06-11,2026-09-11,68.8499984741211,0001.HK
0002.HK,CLP Holdings,EQUITY,Asia,Hong Kong,HKEX,HKD,Stock,Yahoo Finance,USABLE,65,2026-06-11,2026-09-11,78.5,0002.HK
0883.HK,CNOOC,EQUITY,Asia,Hong Kong,HKEX,HKD,Stock,Yahoo Finance,USABLE,65,2026-06-11,2026-09-11,24.3799991607666,0883.HK
0939.HK,China Construction Bank,EQUITY,Asia,Hong Kong,HKEX,HKD,Stock,Yahoo Finance,USABLE,65,2026-06-11,2026-09-11,9.75,0939.HK
2628.HK,China Life,EQUITY,Asia,Hong Kong,HKEX,HKD,Stock,Yahoo Finance,USABLE,65,2026-06-11,2026-09-11,29.600000381469727,2628.HK
0941.HK,China Mobile,EQUITY,Asia,Hong Kong,HKEX,HKD,Stock,Yahoo Finance,USABLE,65,2026-06-11,2026-09-11,78.9000015258789,0941.HK
0003.HK,HK & China Gas,EQUITY,Asia,Hong Kong,HKEX,HKD,Stock,Yahoo Finance,USABLE,65,2026-06-11,2026-09-11,7.179999828338623,0003.HK
0388.HK,HKEX,EQUITY,Asia,Hong Kong,HKEX,HKD,Stock,Yahoo Finance,USABLE,65,2026-06-11,2026-09-11,392.6000061035156,0388.HK
0005.HK,HSBC,EQUITY,Asia,Hong Kong,HKEX,HKD,Stock,Yahoo Finance,USABLE,65,2026-06-11,2026-09-11,163.3000030517578,0005.HK
1398.HK,ICBC,EQUITY,Asia,Hong Kong,HKEX,HKD,Stock,Yahoo Finance,USABLE,65,2026-06-11,2026-09-11,7.610000133514404,1398.HK
9618.HK,JD.com,EQUITY,Asia,Hong Kong,HKEX,HKD,Stock,Yahoo Finance,USABLE,65,2026-06-11,2026-09-11,106.1999969482422,9618.HK
3690.HK,Meituan,EQUITY,Asia,Hong Kong,HKEX,HKD,Stock,Yahoo Finance,USABLE,65,2026-06-11,2026-09-11,75.0999984741211,3690.HK
2318.HK,Ping An Insurance,EQUITY,Asia,Hong Kong,HKEX,HKD,Stock,Yahoo Finance,USABLE,65,2026-06-11,2026-09-11,54.0,2318.HK
0016.HK,Sun Hung Kai Properties,EQUITY,Asia,Hong Kong,HKEX,HKD,Stock,Yahoo Finance,USABLE,65,2026-06-11,2026-09-11,108.1999969482422,0016.HK
0700.HK,Tencent,EQUITY,Asia,Hong Kong,HKEX,HKD,Stock,Yahoo Finance,USABLE,65,2026-06-11,2026-09-11,428.3999938964844,0700.HK
1810.HK,Xiaomi,EQUITY,Asia,Hong Kong,HKEX,HKD,Stock,Yahoo Finance,USABLE,65,2026-06-11,2026-09-11,26.36000061035156,1810.HK
ABB.NS,ABB India,EQUITY,Asia,India,NSE,INR,Stock,Yahoo Finance,USABLE,66,2026-06-11,2026-09-11,7274.0,ABB.NS
ADANIENT.NS,Adani Enterprises,EQUITY,Asia,India,NSE,INR,Stock,Yahoo Finance,USABLE,67,2026-06-11,2026-09-11,3060.0,ADANIENT.NS
ADANIGREEN.NS,Adani Green,EQUITY,Asia,India,NSE,INR,Stock,Yahoo Finance,USABLE,67,2026-06-11,2026-09-11,1281.300048828125,ADANIGREEN.NS
ADANIPORTS.NS,Adani Ports,EQUITY,Asia,India,NSE,INR,Stock,Yahoo Finance,USABLE,66,2026-06-11,2026-09-11,1764.5999755859375,ADANIPORTS.NS
AMBUJACEM.NS,Ambuja Cements,EQUITY,Asia,India,NSE,INR,Stock,Yahoo Finance,USABLE,67,2026-06-11,2026-09-11,391.8500061035156,AMBUJACEM.NS
APOLLOHOSP.NS,Apollo Hospitals,EQUITY,Asia,India,NSE,INR,Stock,Yahoo Finance,USABLE,66,2026-06-11,2026-09-11,8836.0,APOLLOHOSP.NS
ASHOKLEY.NS,Ashok Leyland,EQUITY,Asia,India,NSE,INR,Stock,Yahoo Finance,USABLE,67,2026-06-11,2026-09-11,163.75,ASHOKLEY.NS
ASIANPAINT.NS,Asian Paints,EQUITY,Asia,India,NSE,INR,Stock,Yahoo Finance,USABLE,67,2026-06-11,2026-09-11,2472.5,ASIANPAINT.NS
DMART.NS,Avenue Supermarts,EQUITY,Asia,India,NSE,INR,Stock,Yahoo Finance,USABLE,67,2026-06-11,2026-09-11,3688.0,DMART.NS
AXISBANK.NS,Axis Bank,EQUITY,Asia,India,NSE,INR,Stock,Yahoo Finance,USABLE,66,2026-06-11,2026-09-11,1246.0,AXISBANK.NS
BHEL.NS,BHEL,EQUITY,Asia,India,NSE,INR,Stock,Yahoo Finance,USABLE,67,2026-06-11,2026-09-11,431.0,BHEL.NS
BAJAJ-AUTO.NS,Bajaj Auto,EQUITY,Asia,India,NSE,INR,Stock,Yahoo Finance,USABLE,67,2026-06-11,2026-09-11,11678.0,BAJAJ-AUTO.NS
BAJFINANCE.NS,Bajaj Finance,EQUITY,Asia,India,NSE,INR,Stock,Yahoo Finance,USABLE,67,2026-06-11,2026-09-11,1034.5,BAJFINANCE.NS
BAJAJFINSV.NS,Bajaj Finserv,EQUITY,Asia,India,NSE,INR,Stock,Yahoo Finance,USABLE,67,2026-06-11,2026-09-11,1913.5,BAJAJFINSV.NS
BAJAJHLDNG.NS,Bajaj Holdings,EQUITY,Asia,India,NSE,INR,Stock,Yahoo Finance,USABLE,67,2026-06-11,2026-09-11,11134.0,BAJAJHLDNG.NS
BANKBARODA.NS,Bank of Baroda,EQUITY,Asia,India,NSE,INR,Stock,Yahoo Finance,USABLE,67,2026-06-11,2026-09-11,238.1300048828125,BANKBARODA.NS
BEL.NS,Bharat Electronics,EQUITY,Asia,India,NSE,INR,Stock,Yahoo Finance,USABLE,67,2026-06-11,2026-09-11,404.3500061035156,BEL.NS
BPCL.NS,Bharat Petroleum,EQUITY,Asia,India,NSE,INR,Stock,Yahoo Finance,USABLE,67,2026-06-11,2026-09-11,304.5,BPCL.NS
BHARTIARTL.NS,Bharti Airtel,EQUITY,Asia,India,NSE,INR,Stock,Yahoo Finance,USABLE,67,2026-06-11,2026-09-11,1831.0999755859373,BHARTIARTL.NS
BRITANNIA.NS,Britannia,EQUITY,Asia,India,NSE,INR,Stock,Yahoo Finance,USABLE,67,2026-06-11,2026-09-11,4962.0,BRITANNIA.NS
CANBK.NS,Canara Bank,EQUITY,Asia,India,NSE,INR,Stock,Yahoo Finance,USABLE,67,2026-06-11,2026-09-11,124.0,CANBK.NS
CIPLA.NS,Cipla,EQUITY,Asia,India,NSE,INR,Stock,Yahoo Finance,USABLE,66,2026-06-11,2026-09-11,1366.0,CIPLA.NS
COALINDIA.NS,Coal India,EQUITY,Asia,India,NSE,INR,Stock,Yahoo Finance,USABLE,67,2026-06-11,2026-09-11,426.3999938964844,COALINDIA.NS
COFORGE.NS,Coforge,EQUITY,Asia,India,NSE,INR,Stock,Yahoo Finance,USABLE,67,2026-06-11,2026-09-11,1846.5,COFORGE.NS
COLPAL.NS,Colgate-Palmolive India,EQUITY,Asia,India,NSE,INR,Stock,Yahoo Finance,USABLE,67,2026-06-11,2026-09-11,1797.4000244140625,COLPAL.NS
CONCOR.NS,Container Corporation,EQUITY,Asia,India,NSE,INR,Stock,Yahoo Finance,USABLE,67,2026-06-11,2026-09-11,499.25,CONCOR.NS
DLF.NS,DLF,EQUITY,Asia,India,NSE,INR,Stock,Yahoo Finance,USABLE,66,2026-06-11,2026-09-11,644.5,DLF.NS
DABUR.NS,Dabur,EQUITY,Asia,India,NSE,INR,Stock,Yahoo Finance,USABLE,67,2026-06-11,2026-09-11,376.0,DABUR.NS
DIVISLAB.NS,Divi's Laboratories,EQUITY,Asia,India,NSE,INR,Stock,Yahoo Finance,USABLE,67,2026-06-11,2026-09-11,9322.0,DIVISLAB.NS
DIXON.NS,Dixon Technologies,EQUITY,Asia,India,NSE,INR,Stock,Yahoo Finance,USABLE,67,2026-06-11,2026-09-11,13425.0,DIXON.NS
DRREDDY.NS,Dr Reddy's,EQUITY,Asia,India,NSE,INR,Stock,Yahoo Finance,USABLE,67,2026-06-11,2026-09-11,1165.5,DRREDDY.NS
EICHERMOT.NS,Eicher Motors,EQUITY,Asia,India,NSE,INR,Stock,Yahoo Finance,USABLE,66,2026-06-11,2026-09-11,7530.0,EICHERMOT.NS
ETERNAL.NS,Eternal Limited,EQUITY,Asia,India,NSE,INR,Stock,Yahoo Finance,USABLE,64,2026-06-15,2026-09-11,323.5,ETERNAL.NS
NYKAA.NS,FSN E-Commerce,EQUITY,Asia,India,NSE,INR,Stock,Yahoo Finance,USABLE,66,2026-06-11,2026-09-11,344.5,NYKAA.NS
FEDERALBNK.NS,Federal Bank,EQUITY,Asia,India,NSE,INR,Stock,Yahoo Finance,USABLE,67,2026-06-11,2026-09-11,344.5,FEDERALBNK.NS
GAIL.NS,GAIL,EQUITY,Asia,India,NSE,INR,Stock,Yahoo Finance,USABLE,67,2026-06-11,2026-09-11,173.6199951171875,GAIL.NS
GODREJCP.NS,Godrej Consumer,EQUITY,Asia,India,NSE,INR,Stock,Yahoo Finance,USABLE,67,2026-06-11,2026-09-11,865.0,GODREJCP.NS
GRASIM.NS,Grasim,EQUITY,Asia,India,NSE,INR,Stock,Yahoo Finance,USABLE,66,2026-06-11,2026-09-11,3281.89990234375,GRASIM.NS
HCLTECH.NS,HCL Technologies,EQUITY,Asia,India,NSE,INR,Stock,Yahoo Finance,USABLE,67,2026-06-11,2026-09-11,1206.0999755859375,HCLTECH.NS
HDFCBANK.NS,HDFC Bank,EQUITY,Asia,India,NSE,INR,Stock,Yahoo Finance,USABLE,67,2026-06-11,2026-09-11,708.25,HDFCBANK.NS
HDFCLIFE.NS,HDFC Life,EQUITY,Asia,India,NSE,INR,Stock,Yahoo Finance,USABLE,67,2026-06-11,2026-09-11,530.0,HDFCLIFE.NS
HAVELLS.NS,Havells,EQUITY,Asia,India,NSE,INR,Stock,Yahoo Finance,USABLE,66,2026-06-11,2026-09-11,1111.0,HAVELLS.NS
HEROMOTOCO.NS,Hero MotoCorp,EQUITY,Asia,India,NSE,INR,Stock,Yahoo Finance,USABLE,67,2026-06-11,2026-09-11,5221.5,HEROMOTOCO.NS
HAL.NS,Hindustan Aeronautics,EQUITY,Asia,India,NSE,INR,Stock,Yahoo Finance,USABLE,66,2026-06-11,2026-09-11,4905.0,HAL.NS
HINDPETRO.NS,Hindustan Petroleum,EQUITY,Asia,India,NSE,INR,Stock,Yahoo Finance,USABLE,67,2026-06-11,2026-09-11,352.0,HINDPETRO.NS
HINDUNILVR.NS,Hindustan Unilever,EQUITY,Asia,India,NSE,INR,Stock,Yahoo Finance,USABLE,66,2026-06-11,2026-09-11,1927.0,HINDUNILVR.NS
ICICIBANK.NS,ICICI Bank,EQUITY,Asia,India,NSE,INR,Stock,Yahoo Finance,USABLE,67,2026-06-11,2026-09-11,1379.300048828125,ICICIBANK.NS
ICICIPRULI.NS,ICICI Prudential Life,EQUITY,Asia,India,NSE,INR,Stock,Yahoo Finance,USABLE,66,2026-06-11,2026-09-11,471.5,ICICIPRULI.NS
IDFCFIRSTB.NS,IDFC First Bank,EQUITY,Asia,India,NSE,INR,Stock,Yahoo Finance,USABLE,67,2026-06-11,2026-09-11,86.20999908447266,IDFCFIRSTB.NS
IRCTC.NS,IRCTC,EQUITY,Asia,India,NSE,INR,Stock,Yahoo Finance,USABLE,66,2026-06-11,2026-09-11,462.8999938964844,IRCTC.NS
ITC.NS,ITC,EQUITY,Asia,India,NSE,INR,Stock,Yahoo Finance,USABLE,67,2026-06-11,2026-09-11,259.8500061035156,ITC.NS
IOC.NS,Indian Oil,EQUITY,Asia,India,NSE,INR,Stock,Yahoo Finance,USABLE,67,2026-06-11,2026-09-11,135.11000061035156,IOC.NS
IRFC.NS,Indian Railway Finance Corporation,EQUITY,Asia,India,NSE,INR,Stock,Yahoo Finance,USABLE,66,2026-06-11,2026-09-11,81.08999633789062,IRFC.NS
INDUSINDBK.NS,IndusInd Bank,EQUITY,Asia,India,NSE,INR,Stock,Yahoo Finance,USABLE,67,2026-06-11,2026-09-11,978.2000122070312,INDUSINDBK.NS
INFY.NS,Infosys,EQUITY,Asia,India,NSE,INR,Stock,Yahoo Finance,USABLE,67,2026-06-11,2026-09-11,1037.699951171875,INFY.NS
INDIGO.NS,InterGlobe Aviation,EQUITY,Asia,India,NSE,INR,Stock,Yahoo Finance,USABLE,66,2026-06-11,2026-09-11,4973.0,INDIGO.NS
IRCON.NS,Ircon International,EQUITY,Asia,India,NSE,INR,Stock,Yahoo Finance,USABLE,67,2026-06-11,2026-09-11,113.26000213623048,IRCON.NS
JSWSTEEL.NS,JSW Steel,EQUITY,Asia,India,NSE,INR,Stock,Yahoo Finance,USABLE,67,2026-06-11,2026-09-11,1265.0,JSWSTEEL.NS
KOTAKBANK.NS,Kotak Mahindra Bank,EQUITY,Asia,India,NSE,INR,Stock,Yahoo Finance,USABLE,67,2026-06-11,2026-09-11,419.0,KOTAKBANK.NS
LTM.NS,LTIMindtree Limited,EQUITY,Asia,India,NSE,INR,Stock,Yahoo Finance,USABLE,65,2026-06-15,2026-09-11,4275.0,LTM.NS
LT.NS,Larsen & Toubro,EQUITY,Asia,India,NSE,INR,Stock,Yahoo Finance,USABLE,67,2026-06-11,2026-09-11,3930.699951171875,LT.NS
LODHA.NS,Macrotech Developers,EQUITY,Asia,India,NSE,INR,Stock,Yahoo Finance,USABLE,66,2026-06-11,2026-09-11,1116.9000244140625,LODHA.NS
M&M.NS,Mahindra & Mahindra,EQUITY,Asia,India,NSE,INR,Stock,Yahoo Finance,USABLE,67,2026-06-11,2026-09-11,3107.0,M&M.NS
MARICO.NS,Marico,EQUITY,Asia,India,NSE,INR,Stock,Yahoo Finance,USABLE,66,2026-06-11,2026-09-11,802.0999755859375,MARICO.NS
MARUTI.NS,Maruti Suzuki,EQUITY,Asia,India,NSE,INR,Stock,Yahoo Finance,USABLE,67,2026-06-11,2026-09-11,12400.0,MARUTI.NS
MAXHEALTH.NS,Max Healthcare,EQUITY,Asia,India,NSE,INR,Stock,Yahoo Finance,USABLE,66,2026-06-11,2026-09-11,1037.699951171875,MAXHEALTH.NS
MPHASIS.NS,Mphasis,EQUITY,Asia,India,NSE,INR,Stock,Yahoo Finance,USABLE,66,2026-06-11,2026-09-11,2295.0,MPHASIS.NS
NTPC.NS,NTPC,EQUITY,Asia,India,NSE,INR,Stock,Yahoo Finance,USABLE,67,2026-06-11,2026-09-11,333.3999938964844,NTPC.NS
NESTLEIND.NS,Nestle India,EQUITY,Asia,India,NSE,INR,Stock,Yahoo Finance,USABLE,67,2026-06-11,2026-09-11,1383.300048828125,NESTLEIND.NS
ONGC.NS,ONGC,EQUITY,Asia,India,NSE,INR,Stock,Yahoo Finance,USABLE,67,2026-06-11,2026-09-11,232.5,ONGC.NS
OBEROIRLTY.NS,Oberoi Realty,EQUITY,Asia,India,NSE,INR,Stock,Yahoo Finance,USABLE,67,2026-06-11,2026-09-11,1741.0999755859375,OBEROIRLTY.NS
PAYTM.NS,One97 Communications,EQUITY,Asia,India,NSE,INR,Stock,Yahoo Finance,USABLE,66,2026-06-11,2026-09-11,1807.5,PAYTM.NS
POLICYBZR.NS,PB Fintech,EQUITY,Asia,India,NSE,INR,Stock,Yahoo Finance,USABLE,66,2026-06-11,2026-09-11,1797.300048828125,POLICYBZR.NS
PERSISTENT.NS,Persistent Systems,EQUITY,Asia,India,NSE,INR,Stock,Yahoo Finance,USABLE,67,2026-06-11,2026-09-11,5516.0,PERSISTENT.NS
PIDILITIND.NS,Pidilite,EQUITY,Asia,India,NSE,INR,Stock,Yahoo Finance,USABLE,67,2026-06-11,2026-09-11,1566.9000244140625,PIDILITIND.NS
PFC.NS,Power Finance Corporation,EQUITY,Asia,India,NSE,INR,Stock,Yahoo Finance,USABLE,67,2026-06-11,2026-09-11,353.45001220703125,PFC.NS
POWERGRID.NS,Power Grid,EQUITY,Asia,India,NSE,INR,Stock,Yahoo Finance,USABLE,66,2026-06-11,2026-09-11,269.1000061035156,POWERGRID.NS
PNB.NS,Punjab National Bank,EQUITY,Asia,India,NSE,INR,Stock,Yahoo Finance,USABLE,67,2026-06-11,2026-09-11,116.75,PNB.NS
RECLTD.NS,REC,EQUITY,Asia,India,NSE,INR,Stock,Yahoo Finance,USABLE,67,2026-06-11,2026-09-11,312.70001220703125,RECLTD.NS
RVNL.NS,RVNL,EQUITY,Asia,India,NSE,INR,Stock,Yahoo Finance,USABLE,66,2026-06-11,2026-09-11,204.8999938964844,RVNL.NS
RELIANCE.NS,Reliance Industries,EQUITY,Asia,India,NSE,INR,Stock,Yahoo Finance,USABLE,67,2026-06-11,2026-09-11,1257.5,RELIANCE.NS
SBILIFE.NS,SBI Life,EQUITY,Asia,India,NSE,INR,Stock,Yahoo Finance,USABLE,67,2026-06-11,2026-09-11,1684.699951171875,SBILIFE.NS
SHREECEM.NS,Shree Cement,EQUITY,Asia,India,NSE,INR,Stock,Yahoo Finance,USABLE,67,2026-06-11,2026-09-11,22570.0,SHREECEM.NS
SIEMENS.NS,Siemens India,EQUITY,Asia,India,NSE,INR,Stock,Yahoo Finance,USABLE,67,2026-06-11,2026-09-11,3957.0,SIEMENS.NS
SBIN.NS,State Bank of India,EQUITY,Asia,India,NSE,INR,Stock,Yahoo Finance,USABLE,67,2026-06-11,2026-09-11,995.7000122070312,SBIN.NS
SUNPHARMA.NS,Sun Pharma,EQUITY,Asia,India,NSE,INR,Stock,Yahoo Finance,USABLE,67,2026-06-11,2026-09-11,1840.0,SUNPHARMA.NS
TVSMOTOR.NS,TVS Motor,EQUITY,Asia,India,NSE,INR,Stock,Yahoo Finance,USABLE,67,2026-06-11,2026-09-11,4125.0,TVSMOTOR.NS
TCS.NS,Tata Consultancy Services,EQUITY,Asia,India,NSE,INR,Stock,Yahoo Finance,USABLE,67,2026-06-11,2026-09-11,2200.800048828125,TCS.NS
TATACONSUM.NS,Tata Consumer,EQUITY,Asia,India,NSE,INR,Stock,Yahoo Finance,USABLE,67,2026-06-11,2026-09-11,991.0,TATACONSUM.NS
TMCV.NS,Tata Motors Limited,EQUITY,Asia,India,NSE,INR,Stock,Yahoo Finance,USABLE,65,2026-06-15,2026-09-11,434.5499877929688,TMCV.NS
TATASTEEL.NS,Tata Steel,EQUITY,Asia,India,NSE,INR,Stock,Yahoo Finance,USABLE,67,2026-06-11,2026-09-11,183.0,TATASTEEL.NS
TECHM.NS,Tech Mahindra,EQUITY,Asia,India,NSE,INR,Stock,Yahoo Finance,USABLE,67,2026-06-11,2026-09-11,1541.0,TECHM.NS
TITAN.NS,Titan,EQUITY,Asia,India,NSE,INR,Stock,Yahoo Finance,USABLE,67,2026-06-11,2026-09-11,5009.5,TITAN.NS
TRENT.NS,Trent,EQUITY,Asia,India,NSE,INR,Stock,Yahoo Finance,USABLE,67,2026-06-11,2026-09-11,2802.39990234375,TRENT.NS
ULTRACEMCO.NS,UltraTech Cement,EQUITY,Asia,India,NSE,INR,Stock,Yahoo Finance,USABLE,67,2026-06-11,2026-09-11,11000.0,ULTRACEMCO.NS
VOLTAS.NS,Voltas,EQUITY,Asia,India,NSE,INR,Stock,Yahoo Finance,USABLE,67,2026-06-11,2026-09-11,1165.0,VOLTAS.NS
WIPRO.NS,Wipro,EQUITY,Asia,India,NSE,INR,Stock,Yahoo Finance,USABLE,67,2026-06-11,2026-09-11,167.39999389648438,WIPRO.NS
4503.T,Astellas,EQUITY,Asia,Japan,TSE,JPY,Stock,Yahoo Finance,USABLE,65,2026-06-11,2026-09-11,2240.5,4503.T
4568.T,Daiichi Sankyo,EQUITY,Asia,Japan,TSE,JPY,Stock,Yahoo Finance,USABLE,65,2026-06-11,2026-09-11,2772.0,4568.T
6367.T,Daikin,EQUITY,Asia,Japan,TSE,JPY,Stock,Yahoo Finance,USABLE,65,2026-06-11,2026-09-11,20780.0,6367.T
6902.T,Denso,EQUITY,Asia,Japan,TSE,JPY,Stock,Yahoo Finance,USABLE,65,2026-06-11,2026-09-11,1921.0,6902.T
9020.T,East Japan Railway,EQUITY,Asia,Japan,TSE,JPY,Stock,Yahoo Finance,USABLE,65,2026-06-11,2026-09-11,3493.0,9020.T
6954.T,Fanuc,EQUITY,Asia,Japan,TSE,JPY,Stock,Yahoo Finance,USABLE,65,2026-06-11,2026-09-11,5735.0,6954.T
9983.T,Fast Retailing,EQUITY,Asia,Japan,TSE,JPY,Stock,Yahoo Finance,USABLE,65,2026-06-11,2026-09-11,66480.0,9983.T
7741.T,HOYA,EQUITY,Asia,Japan,TSE,JPY,Stock,Yahoo Finance,USABLE,65,2026-06-11,2026-09-11,22690.0,7741.T
6501.T,Hitachi,EQUITY,Asia,Japan,TSE,JPY,Stock,Yahoo Finance,USABLE,65,2026-06-11,2026-09-11,5199.0,6501.T
7267.T,Honda,EQUITY,Asia,Japan,TSE,JPY,Stock,Yahoo Finance,USABLE,65,2026-06-11,2026-09-11,1664.0,7267.T
8001.T,Itochu,EQUITY,Asia,Japan,TSE,JPY,Stock,Yahoo Finance,USABLE,65,2026-06-11,2026-09-11,2294.0,8001.T
2914.T,Japan Tobacco,EQUITY,Asia,Japan,TSE,JPY,Stock,Yahoo Finance,USABLE,65,2026-06-11,2026-09-11,6693.0,2914.T
6861.T,Keyence,EQUITY,Asia,Japan,TSE,JPY,Stock,Yahoo Finance,USABLE,65,2026-06-11,2026-09-11,76000.0,6861.T
8058.T,Mitsubishi,EQUITY,Asia,Japan,TSE,JPY,Stock,Yahoo Finance,USABLE,65,2026-06-11,2026-09-11,5005.0,8058.T
6503.T,Mitsubishi Electric,EQUITY,Asia,Japan,TSE,JPY,Stock,Yahoo Finance,USABLE,65,2026-06-11,2026-09-11,5027.0,6503.T
8306.T,Mitsubishi UFJ,EQUITY,Asia,Japan,TSE,JPY,Stock,Yahoo Finance,USABLE,65,2026-06-11,2026-09-11,3661.0,8306.T
8031.T,Mitsui,EQUITY,Asia,Japan,TSE,JPY,Stock,Yahoo Finance,USABLE,65,2026-06-11,2026-09-11,5060.0,8031.T
8411.T,Mizuho Financial,EQUITY,Asia,Japan,TSE,JPY,Stock,Yahoo Finance,USABLE,65,2026-06-11,2026-09-11,8654.0,8411.T
9432.T,NTT,EQUITY,Asia,Japan,TSE,JPY,Stock,Yahoo Finance,USABLE,65,2026-06-11,2026-09-11,175.6999969482422,9432.T
7974.T,Nintendo,EQUITY,Asia,Japan,TSE,JPY,Stock,Yahoo Finance,USABLE,65,2026-06-11,2026-09-11,8093.0,7974.T
6752.T,Panasonic,EQUITY,Asia,Japan,TSE,JPY,Stock,Yahoo Finance,USABLE,65,2026-06-11,2026-09-11,4200.0,6752.T
6098.T,Recruit,EQUITY,Asia,Japan,TSE,JPY,Stock,Yahoo Finance,USABLE,65,2026-06-11,2026-09-11,15500.0,6098.T
4063.T,Shin-Etsu Chemical,EQUITY,Asia,Japan,TSE,JPY,Stock,Yahoo Finance,USABLE,65,2026-06-11,2026-09-11,5738.0,4063.T
9984.T,SoftBank Group,EQUITY,Asia,Japan,TSE,JPY,Stock,Yahoo Finance,USABLE,65,2026-06-11,2026-09-11,6540.0,9984.T
6758.T,Sony,EQUITY,Asia,Japan,TSE,JPY,Stock,Yahoo Finance,USABLE,65,2026-06-11,2026-09-11,3632.0,6758.T
8053.T,Sumitomo,EQUITY,Asia,Japan,TSE,JPY,Stock,Yahoo Finance,USABLE,65,2026-06-11,2026-09-11,1822.0,8053.T
8316.T,Sumitomo Mitsui,EQUITY,Asia,Japan,TSE,JPY,Stock,Yahoo Finance,USABLE,65,2026-06-11,2026-09-11,6911.0,8316.T
4502.T,Takeda,EQUITY,Asia,Japan,TSE,JPY,Stock,Yahoo Finance,USABLE,65,2026-06-11,2026-09-11,5666.0,4502.T
8035.T,Tokyo Electron,EQUITY,Asia,Japan,TSE,JPY,Stock,Yahoo Finance,USABLE,65,2026-06-11,2026-09-11,51460.0,8035.T
7203.T,Toyota,EQUITY,Asia,Japan,TSE,JPY,Stock,Yahoo Finance,USABLE,65,2026-06-11,2026-09-11,3031.0,7203.T
CEMEXCPO.MX,Cemex,EQUITY,Latin America,Mexico,BMV,MXN,Stock,Yahoo Finance,USABLE,66,2026-06-11,2026-09-11,18.13999938964844,CEMEXCPO.MX
FEMSAUBD.MX,FEMSA,EQUITY,Latin America,Mexico,BMV,MXN,Stock,Yahoo Finance,USABLE,66,2026-06-11,2026-09-11,198.1000061035156,FEMSAUBD.MX
BIMBOA.MX,Grupo Bimbo,EQUITY,Latin America,Mexico,BMV,MXN,Stock,Yahoo Finance,USABLE,66,2026-06-11,2026-09-11,55.2400016784668,BIMBOA.MX
GFNORTEO.MX,Grupo Financiero Banorte,EQUITY,Latin America,Mexico,BMV,MXN,Stock,Yahoo Finance,USABLE,66,2026-06-11,2026-09-11,199.509994506836,GFNORTEO.MX
GMEXICOB.MX,Grupo Mexico,EQUITY,Latin America,Mexico,BMV,MXN,Stock,Yahoo Finance,USABLE,66,2026-06-11,2026-09-11,218.3000030517578,GMEXICOB.MX
PE&OLES.MX,Industrias Penoles,EQUITY,Latin America,Mexico,BMV,MXN,Stock,Yahoo Finance,USABLE,66,2026-06-11,2026-09-11,902.030029296875,PE&OLES.MX
WALMEX.MX,Walmart Mexico,EQUITY,Latin America,Mexico,BMV,MXN,Stock,Yahoo Finance,USABLE,66,2026-06-11,2026-09-11,45.4900016784668,WALMEX.MX
ASML.AS,ASML,EQUITY,Europe,Netherlands,EURONEXT_AMSTERDAM,EUR,Stock,Yahoo Finance,USABLE,66,2026-06-11,2026-09-11,1478.4000244140625,ASML.AS
ADYEN.AS,Adyen,EQUITY,Europe,Netherlands,EURONEXT_AMSTERDAM,EUR,Stock,Yahoo Finance,USABLE,66,2026-06-11,2026-09-11,928.7000122070312,ADYEN.AS
HEIA.AS,Heineken,EQUITY,Europe,Netherlands,EURONEXT_AMSTERDAM,EUR,Stock,Yahoo Finance,USABLE,66,2026-06-11,2026-09-11,70.27999877929688,HEIA.AS
INGA.AS,ING,EQUITY,Europe,Netherlands,EURONEXT_AMSTERDAM,EUR,Stock,Yahoo Finance,USABLE,66,2026-06-11,2026-09-11,32.09000015258789,INGA.AS
NN.AS,NN Group,EQUITY,Europe,Netherlands,EURONEXT_AMSTERDAM,EUR,Stock,Yahoo Finance,USABLE,66,2026-06-11,2026-09-11,78.26000213623047,NN.AS
PHIA.AS,Philips,EQUITY,Europe,Netherlands,EURONEXT_AMSTERDAM,EUR,Stock,Yahoo Finance,USABLE,66,2026-06-11,2026-09-11,21.13999938964844,PHIA.AS
PRX.AS,Prosus,EQUITY,Europe,Netherlands,EURONEXT_AMSTERDAM,EUR,Stock,Yahoo Finance,USABLE,66,2026-06-11,2026-09-11,35.6150016784668,PRX.AS
SHELL.AS,Shell,EQUITY,Europe,Netherlands,EURONEXT_AMSTERDAM,EUR,Stock,Yahoo Finance,USABLE,66,2026-06-11,2026-09-11,41.415000915527344,SHELL.AS
UNA.AS,Unilever,EQUITY,Europe,Netherlands,EURONEXT_AMSTERDAM,EUR,Stock,Yahoo Finance,USABLE,66,2026-06-11,2026-09-11,53.119998931884766,UNA.AS
068270.KS,Celltrion,EQUITY,Asia,South Korea,KRX,KRW,Stock,Yahoo Finance,USABLE,65,2026-06-11,2026-09-11,178200.0,068270.KS
086790.KS,Hana Financial,EQUITY,Asia,South Korea,KRX,KRW,Stock,Yahoo Finance,USABLE,65,2026-06-11,2026-09-11,137800.0,086790.KS
012330.KS,Hyundai Mobis,EQUITY,Asia,South Korea,KRX,KRW,Stock,Yahoo Finance,USABLE,65,2026-06-11,2026-09-11,415500.0,012330.KS
005380.KS,Hyundai Motor,EQUITY,Asia,South Korea,KRX,KRW,Stock,Yahoo Finance,USABLE,65,2026-06-11,2026-09-11,382500.0,005380.KS
105560.KS,KB Financial,EQUITY,Asia,South Korea,KRX,KRW,Stock,Yahoo Finance,USABLE,65,2026-06-11,2026-09-11,177900.0,105560.KS
035720.KS,Kakao,EQUITY,Asia,South Korea,KRX,KRW,Stock,Yahoo Finance,USABLE,65,2026-06-11,2026-09-11,34500.0,035720.KS
000270.KS,Kia,EQUITY,Asia,South Korea,KRX,KRW,Stock,Yahoo Finance,USABLE,65,2026-06-11,2026-09-11,126600.0,000270.KS
051910.KS,LG Chem,EQUITY,Asia,South Korea,KRX,KRW,Stock,Yahoo Finance,USABLE,65,2026-06-11,2026-09-11,273000.0,051910.KS
373220.KS,LG Energy Solution,EQUITY,Asia,South Korea,KRX,KRW,Stock,Yahoo Finance,USABLE,65,2026-06-11,2026-09-11,360000.0,373220.KS
035420.KS,NAVER,EQUITY,Asia,South Korea,KRX,KRW,Stock,Yahoo Finance,USABLE,65,2026-06-11,2026-09-11,206500.0,035420.KS
000660.KS,SK Hynix,EQUITY,Asia,South Korea,KRX,KRW,Stock,Yahoo Finance,USABLE,65,2026-06-11,2026-09-11,1812000.0,000660.KS
028260.KS,Samsung C&T,EQUITY,Asia,South Korea,KRX,KRW,Stock,Yahoo Finance,USABLE,65,2026-06-11,2026-09-11,367000.0,028260.KS
005930.KS,Samsung Electronics,EQUITY,Asia,South Korea,KRX,KRW,Stock,Yahoo Finance,USABLE,65,2026-06-11,2026-09-11,259500.0,005930.KS
006400.KS,Samsung SDI,EQUITY,Asia,South Korea,KRX,KRW,Stock,Yahoo Finance,USABLE,65,2026-06-11,2026-09-11,545000.0,006400.KS
055550.KS,Shinhan Financial,EQUITY,Asia,South Korea,KRX,KRW,Stock,Yahoo Finance,USABLE,65,2026-06-11,2026-09-11,112900.0,055550.KS
ABBN.SW,ABB,EQUITY,Europe,Switzerland,SIX,CHF,Stock,Yahoo Finance,USABLE,66,2026-06-11,2026-09-11,78.66000366210938,ABBN.SW
GIVN.SW,Givaudan,EQUITY,Europe,Switzerland,SIX,CHF,Stock,Yahoo Finance,USABLE,67,2026-06-11,2026-09-11,3164.0,GIVN.SW
HOLN.SW,Holcim,EQUITY,Europe,Switzerland,SIX,CHF,Stock,Yahoo Finance,USABLE,66,2026-06-11,2026-09-11,70.44000244140625,HOLN.SW
LONN.SW,Lonza,EQUITY,Europe,Switzerland,SIX,CHF,Stock,Yahoo Finance,USABLE,67,2026-06-11,2026-09-11,531.2000122070312,LONN.SW
NESN.SW,Nestle,EQUITY,Europe,Switzerland,SIX,CHF,Stock,Yahoo Finance,USABLE,67,2026-06-11,2026-09-11,77.54000091552734,NESN.SW
NOVN.SW,Novartis,EQUITY,Europe,Switzerland,SIX,CHF,Stock,Yahoo Finance,USABLE,66,2026-06-11,2026-09-11,112.04000091552734,NOVN.SW
CFR.SW,Richemont,EQUITY,Europe,Switzerland,SIX,CHF,Stock,Yahoo Finance,USABLE,67,2026-06-11,2026-09-11,175.0,CFR.SW
SIKA.SW,Sika,EQUITY,Europe,Switzerland,SIX,CHF,Stock,Yahoo Finance,USABLE,67,2026-06-11,2026-09-11,185.0,SIKA.SW
SLHN.SW,Swiss Life,EQUITY,Europe,Switzerland,SIX,CHF,Stock,Yahoo Finance,USABLE,67,2026-06-11,2026-09-11,912.7999877929688,SLHN.SW
SREN.SW,Swiss Re,EQUITY,Europe,Switzerland,SIX,CHF,Stock,Yahoo Finance,USABLE,66,2026-06-11,2026-09-11,136.85000610351562,SREN.SW
SCMN.SW,Swisscom,EQUITY,Europe,Switzerland,SIX,CHF,Stock,Yahoo Finance,USABLE,66,2026-06-11,2026-09-11,651.5,SCMN.SW
UBSG.SW,UBS,EQUITY,Europe,Switzerland,SIX,CHF,Stock,Yahoo Finance,USABLE,67,2026-06-11,2026-09-11,44.560001373291016,UBSG.SW
ZURN.SW,Zurich Insurance,EQUITY,Europe,Switzerland,SIX,CHF,Stock,Yahoo Finance,USABLE,67,2026-06-11,2026-09-11,588.2000122070312,ZURN.SW
3711.TW,ASE Technology,EQUITY,Asia,Taiwan,TWSE,TWD,Stock,Yahoo Finance,USABLE,66,2026-06-11,2026-09-11,618.0,3711.TW
2882.TW,Cathay Financial,EQUITY,Asia,Taiwan,TWSE,TWD,Stock,Yahoo Finance,USABLE,66,2026-06-11,2026-09-11,110.5,2882.TW
2412.TW,Chunghwa Telecom,EQUITY,Asia,Taiwan,TWSE,TWD,Stock,Yahoo Finance,USABLE,66,2026-06-11,2026-09-11,140.5,2412.TW
2308.TW,Delta Electronics,EQUITY,Asia,Taiwan,TWSE,TWD,Stock,Yahoo Finance,USABLE,66,2026-06-11,2026-09-11,1620.0,2308.TW
1301.TW,Formosa Plastics,EQUITY,Asia,Taiwan,TWSE,TWD,Stock,Yahoo Finance,USABLE,66,2026-06-11,2026-09-11,64.5999984741211,1301.TW
2881.TW,Fubon Financial,EQUITY,Asia,Taiwan,TWSE,TWD,Stock,Yahoo Finance,USABLE,66,2026-06-11,2026-09-11,148.5,2881.TW
2317.TW,Hon Hai,EQUITY,Asia,Taiwan,TWSE,TWD,Stock,Yahoo Finance,USABLE,66,2026-06-11,2026-09-11,248.0,2317.TW
2454.TW,MediaTek,EQUITY,Asia,Taiwan,TWSE,TWD,Stock,Yahoo Finance,USABLE,66,2026-06-11,2026-09-11,4585.0,2454.TW
1303.TW,Nan Ya Plastics,EQUITY,Asia,Taiwan,TWSE,TWD,Stock,Yahoo Finance,USABLE,66,2026-06-11,2026-09-11,234.5,1303.TW
2382.TW,Quanta,EQUITY,Asia,Taiwan,TWSE,TWD,Stock,Yahoo Finance,USABLE,66,2026-06-11,2026-09-11,336.5,2382.TW
2330.TW,TSMC,EQUITY,Asia,Taiwan,TWSE,TWD,Stock,Yahoo Finance,USABLE,66,2026-06-11,2026-09-11,2410.0,2330.TW
2303.TW,UMC,EQUITY,Asia,Taiwan,TWSE,TWD,Stock,Yahoo Finance,USABLE,66,2026-06-11,2026-09-11,140.5,2303.TW
AAL.L,Anglo American,EQUITY,Europe,United Kingdom,LSE,GBP,Stock,Yahoo Finance,USABLE,66,2026-06-11,2026-09-11,3990.0,AAL.L
AZN.L,AstraZeneca,EQUITY,Europe,United Kingdom,LSE,GBP,Stock,Yahoo Finance,USABLE,66,2026-06-11,2026-09-11,11708.0,AZN.L
AUTO.L,Auto Trader,EQUITY,Europe,United Kingdom,LSE,GBP,Stock,Yahoo Finance,USABLE,66,2026-06-11,2026-09-11,489.3999938964844,AUTO.L
BA.L,BAE Systems,EQUITY,Europe,United Kingdom,LSE,GBP,Stock,Yahoo Finance,USABLE,66,2026-06-11,2026-09-11,1898.0,BA.L
BP.L,BP,EQUITY,Europe,United Kingdom,LSE,GBP,Stock,Yahoo Finance,USABLE,66,2026-06-11,2026-09-11,564.5999755859375,BP.L
BT-A.L,BT Group,EQUITY,Europe,United Kingdom,LSE,GBP,Stock,Yahoo Finance,USABLE,66,2026-06-11,2026-09-11,201.5,BT-A.L
BARC.L,Barclays,EQUITY,Europe,United Kingdom,LSE,GBP,Stock,Yahoo Finance,USABLE,66,2026-06-11,2026-09-11,493.75,BARC.L
BATS.L,British American Tobacco,EQUITY,Europe,United Kingdom,LSE,GBP,Stock,Yahoo Finance,USABLE,66,2026-06-11,2026-09-11,4100.0,BATS.L
CPG.L,Compass Group,EQUITY,Europe,United Kingdom,LSE,GBP,Stock,Yahoo Finance,USABLE,65,2026-06-11,2026-09-11,30.850000381469727,CPG.L
DGE.L,Diageo,EQUITY,Europe,United Kingdom,LSE,GBP,Stock,Yahoo Finance,USABLE,66,2026-06-11,2026-09-11,1603.0,DGE.L
EXPN.L,Experian,EQUITY,Europe,United Kingdom,LSE,GBP,Stock,Yahoo Finance,USABLE,65,2026-06-11,2026-09-11,2782.0,EXPN.L
GSK.L,GSK,EQUITY,Europe,United Kingdom,LSE,GBP,Stock,Yahoo Finance,USABLE,66,2026-06-11,2026-09-11,1770.5,GSK.L
GLEN.L,Glencore,EQUITY,Europe,United Kingdom,LSE,GBP,Stock,Yahoo Finance,USABLE,66,2026-06-11,2026-09-11,605.5,GLEN.L
HSBA.L,HSBC,EQUITY,Europe,United Kingdom,LSE,GBP,Stock,Yahoo Finance,USABLE,66,2026-06-11,2026-09-11,1552.5999755859375,HSBA.L
HLMA.L,Halma,EQUITY,Europe,United Kingdom,LSE,GBP,Stock,Yahoo Finance,USABLE,66,2026-06-11,2026-09-11,3634.0,HLMA.L
IMB.L,Imperial Brands,EQUITY,Europe,United Kingdom,LSE,GBP,Stock,Yahoo Finance,USABLE,66,2026-06-11,2026-09-11,2490.0,IMB.L
IAG.L,International Airlines Group,EQUITY,Europe,United Kingdom,LSE,GBP,Stock,Yahoo Finance,USABLE,66,2026-06-11,2026-09-11,419.7000122070313,IAG.L
LGEN.L,Legal & General,EQUITY,Europe,United Kingdom,LSE,GBP,Stock,Yahoo Finance,USABLE,66,2026-06-11,2026-09-11,287.1000061035156,LGEN.L
LLOY.L,Lloyds Banking Group,EQUITY,Europe,United Kingdom,LSE,GBP,Stock,Yahoo Finance,USABLE,66,2026-06-11,2026-09-11,111.1500015258789,LLOY.L
LSEG.L,London Stock Exchange Group,EQUITY,Europe,United Kingdom,LSE,GBP,Stock,Yahoo Finance,USABLE,66,2026-06-11,2026-09-11,8238.0,LSEG.L
NWG.L,NatWest,EQUITY,Europe,United Kingdom,LSE,GBP,Stock,Yahoo Finance,USABLE,66,2026-06-11,2026-09-11,697.7999877929688,NWG.L
NG.L,National Grid,EQUITY,Europe,United Kingdom,LSE,GBP,Stock,Yahoo Finance,USABLE,66,2026-06-11,2026-09-11,1130.5,NG.L
PRU.L,Prudential,EQUITY,Europe,United Kingdom,LSE,GBP,Stock,Yahoo Finance,USABLE,66,2026-06-11,2026-09-11,978.7999877929688,PRU.L
REL.L,RELX,EQUITY,Europe,United Kingdom,LSE,GBP,Stock,Yahoo Finance,USABLE,66,2026-06-11,2026-09-11,2475.0,REL.L
RIO.L,Rio Tinto,EQUITY,Europe,United Kingdom,LSE,GBP,Stock,Yahoo Finance,USABLE,66,2026-06-11,2026-09-11,7374.0,RIO.L
RR.L,Rolls-Royce,EQUITY,Europe,United Kingdom,LSE,GBP,Stock,Yahoo Finance,USABLE,66,2026-06-11,2026-09-11,1454.5999755859375,RR.L
SHEL.L,Shell,EQUITY,Europe,United Kingdom,LSE,GBP,Stock,Yahoo Finance,USABLE,66,2026-06-11,2026-09-11,3551.0,SHEL.L
ULVR.L,Unilever,EQUITY,Europe,United Kingdom,LSE,GBP,Stock,Yahoo Finance,USABLE,66,2026-06-11,2026-09-11,4551.5,ULVR.L
VOD.L,Vodafone,EQUITY,Europe,United Kingdom,LSE,GBP,Stock,Yahoo Finance,USABLE,65,2026-06-11,2026-09-11,128.75,VOD.L
AMD,AMD,EQUITY,North America,United States,NASDAQ/NYSE,USD,Stock,Yahoo Finance,USABLE,63,2026-06-12,2026-09-11,516.1300048828125,AMD
T,AT&T,EQUITY,North America,United States,NASDAQ/NYSE,USD,Stock,Yahoo Finance,USABLE,63,2026-06-12,2026-09-11,26.059999465942383,T
ABT,Abbott Laboratories,EQUITY,North America,United States,NASDAQ/NYSE,USD,Stock,Yahoo Finance,USABLE,63,2026-06-12,2026-09-11,101.9499969482422,ABT
ADBE,Adobe,EQUITY,North America,United States,NASDAQ/NYSE,USD,Stock,Yahoo Finance,USABLE,63,2026-06-12,2026-09-11,252.22999572753903,ADBE
ABNB,Airbnb,EQUITY,North America,United States,NASDAQ/NYSE,USD,Stock,Yahoo Finance,USABLE,63,2026-06-12,2026-09-11,170.19000244140625,ABNB
GOOGL,Alphabet,EQUITY,North America,United States,NASDAQ/NYSE,USD,Stock,Yahoo Finance,USABLE,63,2026-06-12,2026-09-11,338.5,GOOGL
GOOG,Alphabet Class C,EQUITY,North America,United States,NASDAQ/NYSE,USD,Stock,Yahoo Finance,USABLE,63,2026-06-12,2026-09-11,335.45001220703125,GOOG
MO,Altria,EQUITY,North America,United States,NASDAQ/NYSE,USD,Stock,Yahoo Finance,USABLE,63,2026-06-12,2026-09-11,68.9800033569336,MO
AMZN,Amazon,EQUITY,North America,United States,NASDAQ/NYSE,USD,Stock,Yahoo Finance,USABLE,63,2026-06-12,2026-09-11,256.7799987792969,AMZN
AXP,American Express,EQUITY,North America,United States,NASDAQ/NYSE,USD,Stock,Yahoo Finance,USABLE,63,2026-06-12,2026-09-11,324.69000244140625,AXP
AMGN,Amgen,EQUITY,North America,United States,NASDAQ/NYSE,USD,Stock,Yahoo Finance,USABLE,63,2026-06-12,2026-09-11,377.3500061035156,AMGN
ADI,Analog Devices,EQUITY,North America,United States,NASDAQ/NYSE,USD,Stock,Yahoo Finance,USABLE,63,2026-06-12,2026-09-11,378.7799987792969,ADI
AAPL,Apple,EQUITY,North America,United States,NASDAQ/NYSE,USD,Stock,Yahoo Finance,USABLE,63,2026-06-12,2026-09-11,332.2699890136719,AAPL
AMAT,Applied Materials,EQUITY,North America,United States,NASDAQ/NYSE,USD,Stock,Yahoo Finance,USABLE,63,2026-06-12,2026-09-11,456.489990234375,AMAT
BAC,Bank of America,EQUITY,North America,United States,NASDAQ/NYSE,USD,Stock,Yahoo Finance,USABLE,63,2026-06-12,2026-09-11,62.68999862670898,BAC
BRK-B,Berkshire Hathaway,EQUITY,North America,United States,NASDAQ/NYSE,USD,Stock,Yahoo Finance,USABLE,63,2026-06-12,2026-09-11,510.3699951171875,BRK-B
BLK,BlackRock,EQUITY,North America,United States,NASDAQ/NYSE,USD,Stock,Yahoo Finance,USABLE,63,2026-06-12,2026-09-11,1079.6500244140625,BLK
BKNG,Booking Holdings,EQUITY,North America,United States,NASDAQ/NYSE,USD,Stock,Yahoo Finance,USABLE,63,2026-06-12,2026-09-11,173.9199981689453,BKNG
AVGO,Broadcom,EQUITY,North America,United States,NASDAQ/NYSE,USD,Stock,Yahoo Finance,USABLE,63,2026-06-12,2026-09-11,361.989990234375,AVGO
CAT,Caterpillar,EQUITY,North America,United States,NASDAQ/NYSE,USD,Stock,Yahoo Finance,USABLE,63,2026-06-12,2026-09-11,818.5700073242188,CAT
SCHW,Charles Schwab,EQUITY,North America,United States,NASDAQ/NYSE,USD,Stock,Yahoo Finance,USABLE,63,2026-06-12,2026-09-11,107.25,SCHW
CVX,Chevron,EQUITY,North America,United States,NASDAQ/NYSE,USD,Stock,Yahoo Finance,USABLE,63,2026-06-12,2026-09-11,214.0599975585937,CVX
CSCO,Cisco,EQUITY,North America,United States,NASDAQ/NYSE,USD,Stock,Yahoo Finance,USABLE,63,2026-06-12,2026-09-11,112.12999725341795,CSCO
C,Citigroup,EQUITY,North America,United States,NASDAQ/NYSE,USD,Stock,Yahoo Finance,USABLE,63,2026-06-12,2026-09-11,138.82000732421875,C
COIN,Coinbase,EQUITY,North America,United States,NASDAQ/NYSE,USD,Stock,Yahoo Finance,USABLE,63,2026-06-12,2026-09-11,175.25999450683594,COIN
CL,Colgate-Palmolive,EQUITY,North America,United States,NASDAQ/NYSE,USD,Stock,Yahoo Finance,USABLE,63,2026-06-12,2026-09-11,86.80000305175781,CL
CMCSA,Comcast,EQUITY,North America,United States,NASDAQ/NYSE,USD,Stock,Yahoo Finance,USABLE,63,2026-06-12,2026-09-11,25.200000762939453,CMCSA
COP,ConocoPhillips,EQUITY,North America,United States,NASDAQ/NYSE,USD,Stock,Yahoo Finance,USABLE,63,2026-06-12,2026-09-11,137.35000610351562,COP
COST,Costco,EQUITY,North America,United States,NASDAQ/NYSE,USD,Stock,Yahoo Finance,USABLE,63,2026-06-12,2026-09-11,904.77001953125,COST
DE,Deere,EQUITY,North America,United States,NASDAQ/NYSE,USD,Stock,Yahoo Finance,USABLE,63,2026-06-12,2026-09-11,675.739990234375,DE
LLY,Eli Lilly,EQUITY,North America,United States,NASDAQ/NYSE,USD,Stock,Yahoo Finance,USABLE,63,2026-06-12,2026-09-11,1115.699951171875,LLY
XOM,Exxon Mobil,EQUITY,North America,United States,NASDAQ/NYSE,USD,Stock,Yahoo Finance,USABLE,63,2026-06-12,2026-09-11,165.99000549316406,XOM
GE,GE Aerospace,EQUITY,North America,United States,NASDAQ/NYSE,USD,Stock,Yahoo Finance,USABLE,63,2026-06-12,2026-09-11,323.6600036621094,GE
GILD,Gilead Sciences,EQUITY,North America,United States,NASDAQ/NYSE,USD,Stock,Yahoo Finance,USABLE,63,2026-06-12,2026-09-11,143.72000122070312,GILD
GS,Goldman Sachs,EQUITY,North America,United States,NASDAQ/NYSE,USD,Stock,Yahoo Finance,USABLE,63,2026-06-12,2026-09-11,1029.1800537109375,GS
HD,Home Depot,EQUITY,North America,United States,NASDAQ/NYSE,USD,Stock,Yahoo Finance,USABLE,63,2026-06-12,2026-09-11,308.739990234375,HD
HON,Honeywell,EQUITY,North America,United States,NASDAQ/NYSE,USD,Stock,Yahoo Finance,USABLE,63,2026-06-12,2026-09-11,202.3600006103516,HON
IBM,IBM,EQUITY,North America,United States,NASDAQ/NYSE,USD,Stock,Yahoo Finance,USABLE,63,2026-06-12,2026-09-11,243.2899932861328,IBM
INTC,Intel,EQUITY,North America,United States,NASDAQ/NYSE,USD,Stock,Yahoo Finance,USABLE,63,2026-06-12,2026-09-11,102.94000244140624,INTC
INTU,Intuit,EQUITY,North America,United States,NASDAQ/NYSE,USD,Stock,Yahoo Finance,USABLE,63,2026-06-12,2026-09-11,321.57000732421875,INTU
ISRG,Intuitive Surgical,EQUITY,North America,United States,NASDAQ/NYSE,USD,Stock,Yahoo Finance,USABLE,63,2026-06-12,2026-09-11,369.1499938964844,ISRG
JPM,JPMorgan Chase,EQUITY,North America,United States,NASDAQ/NYSE,USD,Stock,Yahoo Finance,USABLE,63,2026-06-12,2026-09-11,356.2300109863281,JPM
JNJ,Johnson & Johnson,EQUITY,North America,United States,NASDAQ/NYSE,USD,Stock,Yahoo Finance,USABLE,63,2026-06-12,2026-09-11,265.5799865722656,JNJ
KLAC,KLA,EQUITY,North America,United States,NASDAQ/NYSE,USD,Stock,Yahoo Finance,USABLE,63,2026-06-12,2026-09-11,180.63999938964844,KLAC
LRCX,Lam Research,EQUITY,North America,United States,NASDAQ/NYSE,USD,Stock,Yahoo Finance,USABLE,63,2026-06-12,2026-09-11,298.2200012207031,LRCX
LOW,Lowe's,EQUITY,North America,United States,NASDAQ/NYSE,USD,Stock,Yahoo Finance,USABLE,63,2026-06-12,2026-09-11,196.82000732421875,LOW
MA,Mastercard,EQUITY,North America,United States,NASDAQ/NYSE,USD,Stock,Yahoo Finance,USABLE,63,2026-06-12,2026-09-11,569.1900024414062,MA
MCD,McDonald's,EQUITY,North America,United States,NASDAQ/NYSE,USD,Stock,Yahoo Finance,USABLE,63,2026-06-12,2026-09-11,252.52999877929688,MCD
MRK,Merck,EQUITY,North America,United States,NASDAQ/NYSE,USD,Stock,Yahoo Finance,USABLE,63,2026-06-12,2026-09-11,143.92999267578125,MRK
META,Meta Platforms,EQUITY,North America,United States,NASDAQ/NYSE,USD,Stock,Yahoo Finance,USABLE,63,2026-06-12,2026-09-11,648.030029296875,META
MU,Micron Technology,EQUITY,North America,United States,NASDAQ/NYSE,USD,Stock,Yahoo Finance,USABLE,63,2026-06-12,2026-09-11,975.260009765625,MU
MSFT,Microsoft,EQUITY,North America,United States,NASDAQ/NYSE,USD,Stock,Yahoo Finance,USABLE,63,2026-06-12,2026-09-11,495.6300048828125,MSFT
MDLZ,Mondelez,EQUITY,North America,United States,NASDAQ/NYSE,USD,Stock,Yahoo Finance,USABLE,63,2026-06-12,2026-09-11,62.43999862670898,MDLZ
MS,Morgan Stanley,EQUITY,North America,United States,NASDAQ/NYSE,USD,Stock,Yahoo Finance,USABLE,63,2026-06-12,2026-09-11,214.3800048828125,MS
NVDA,NVIDIA,EQUITY,North America,United States,NASDAQ/NYSE,USD,Stock,Yahoo Finance,USABLE,63,2026-06-12,2026-09-11,218.2899932861328,NVDA
NFLX,Netflix,EQUITY,North America,United States,NASDAQ/NYSE,USD,Stock,Yahoo Finance,USABLE,63,2026-06-12,2026-09-11,77.4000015258789,NFLX
NKE,Nike,EQUITY,North America,United States,NASDAQ/NYSE,USD,Stock,Yahoo Finance,USABLE,63,2026-06-12,2026-09-11,36.79999923706055,NKE
ORCL,Oracle,EQUITY,North America,United States,NASDAQ/NYSE,USD,Stock,Yahoo Finance,USABLE,63,2026-06-12,2026-09-11,150.27999877929688,ORCL
PLTR,Palantir,EQUITY,North America,United States,NASDAQ/NYSE,USD,Stock,Yahoo Finance,USABLE,63,2026-06-12,2026-09-11,167.22999572753906,PLTR
PANW,Palo Alto Networks,EQUITY,North America,United States,NASDAQ/NYSE,USD,Stock,Yahoo Finance,USABLE,63,2026-06-12,2026-09-11,330.6499938964844,PANW
PYPL,PayPal,EQUITY,North America,United States,NASDAQ/NYSE,USD,Stock,Yahoo Finance,USABLE,63,2026-06-12,2026-09-11,53.720001220703125,PYPL
PFE,Pfizer,EQUITY,North America,United States,NASDAQ/NYSE,USD,Stock,Yahoo Finance,USABLE,63,2026-06-12,2026-09-11,27.71999931335449,PFE
PM,Philip Morris,EQUITY,North America,United States,NASDAQ/NYSE,USD,Stock,Yahoo Finance,USABLE,63,2026-06-12,2026-09-11,191.0599975585937,PM
PG,Procter & Gamble,EQUITY,North America,United States,NASDAQ/NYSE,USD,Stock,Yahoo Finance,USABLE,63,2026-06-12,2026-09-11,145.27000427246094,PG
QCOM,Qualcomm,EQUITY,North America,United States,NASDAQ/NYSE,USD,Stock,Yahoo Finance,USABLE,63,2026-06-12,2026-09-11,181.97000122070312,QCOM
SPGI,S&P Global,EQUITY,North America,United States,NASDAQ/NYSE,USD,Stock,Yahoo Finance,USABLE,63,2026-06-12,2026-09-11,410.7099914550781,SPGI
CRM,Salesforce,EQUITY,North America,United States,NASDAQ/NYSE,USD,Stock,Yahoo Finance,USABLE,63,2026-06-12,2026-09-11,247.72000122070312,CRM
NOW,ServiceNow,EQUITY,North America,United States,NASDAQ/NYSE,USD,Stock,Yahoo Finance,USABLE,63,2026-06-12,2026-09-11,132.52999877929688,NOW
SHOP,Shopify,EQUITY,North America,United States,NASDAQ/NYSE,USD,Stock,Yahoo Finance,USABLE,63,2026-06-12,2026-09-11,128.7899932861328,SHOP
SNOW,Snowflake,EQUITY,North America,United States,NASDAQ/NYSE,USD,Stock,Yahoo Finance,USABLE,63,2026-06-12,2026-09-11,328.989990234375,SNOW
SBUX,Starbucks,EQUITY,North America,United States,NASDAQ/NYSE,USD,Stock,Yahoo Finance,USABLE,63,2026-06-12,2026-09-11,98.73999786376952,SBUX
TGT,Target,EQUITY,North America,United States,NASDAQ/NYSE,USD,Stock,Yahoo Finance,USABLE,63,2026-06-12,2026-09-11,155.8300018310547,TGT
TSLA,Tesla,EQUITY,North America,United States,NASDAQ/NYSE,USD,Stock,Yahoo Finance,USABLE,63,2026-06-12,2026-09-11,365.4400024414063,TSLA
TXN,Texas Instruments,EQUITY,North America,United States,NASDAQ/NYSE,USD,Stock,Yahoo Finance,USABLE,63,2026-06-12,2026-09-11,268.70001220703125,TXN
TMO,Thermo Fisher Scientific,EQUITY,North America,United States,NASDAQ/NYSE,USD,Stock,Yahoo Finance,USABLE,63,2026-06-12,2026-09-11,609.8200073242188,TMO
USB,U.S. Bancorp,EQUITY,North America,United States,NASDAQ/NYSE,USD,Stock,Yahoo Finance,USABLE,63,2026-06-12,2026-09-11,62.84000015258789,USB
UBER,Uber,EQUITY,North America,United States,NASDAQ/NYSE,USD,Stock,Yahoo Finance,USABLE,63,2026-06-12,2026-09-11,71.66999816894531,UBER
UPS,United Parcel Service,EQUITY,North America,United States,NASDAQ/NYSE,USD,Stock,Yahoo Finance,USABLE,63,2026-06-12,2026-09-11,100.27999877929688,UPS
UNH,UnitedHealth,EQUITY,North America,United States,NASDAQ/NYSE,USD,Stock,Yahoo Finance,USABLE,63,2026-06-12,2026-09-11,379.0899963378906,UNH
VZ,Verizon,EQUITY,North America,United States,NASDAQ/NYSE,USD,Stock,Yahoo Finance,USABLE,63,2026-06-12,2026-09-11,50.61000061035156,VZ
V,Visa,EQUITY,North America,United States,NASDAQ/NYSE,USD,Stock,Yahoo Finance,USABLE,63,2026-06-12,2026-09-11,370.4500122070313,V
WMT,Walmart,EQUITY,North America,United States,NASDAQ/NYSE,USD,Stock,Yahoo Finance,USABLE,63,2026-06-12,2026-09-11,107.1500015258789,WMT
DIS,Walt Disney,EQUITY,North America,United States,NASDAQ/NYSE,USD,Stock,Yahoo Finance,USABLE,63,2026-06-12,2026-09-11,106.5500030517578,DIS
WFC,Wells Fargo,EQUITY,North America,United States,NASDAQ/NYSE,USD,Stock,Yahoo Finance,USABLE,63,2026-06-12,2026-09-11,90.29000091552734,WFC
IAF.AX,Australian Composite Bonds,FIXED_INCOME,Oceania,Australia,ASX,AUD,Bond ETF,Yahoo Finance,USABLE,67,2026-06-11,2026-09-11,99.9499969482422,IAF.AX
VAF.AX,Australian Fixed Interest,FIXED_INCOME,Oceania,Australia,ASX,AUD,Bond ETF,Yahoo Finance,USABLE,67,2026-06-11,2026-09-11,44.720001220703125,VAF.AX
AGVT.AX,Australian Government Bonds,FIXED_INCOME,Oceania,Australia,ASX,AUD,Bond ETF,Yahoo Finance,USABLE,67,2026-06-11,2026-09-11,39.72999954223633,AGVT.AX
HBRD.AX,Australian Hybrids,FIXED_INCOME,Oceania,Australia,ASX,AUD,Bond ETF,Yahoo Finance,USABLE,67,2026-06-11,2026-09-11,10.050000190734863,HBRD.AX
ZAG.TO,BMO Aggregate Bonds,FIXED_INCOME,North America,Canada,TSX,CAD,Bond ETF,Yahoo Finance,USABLE,64,2026-06-11,2026-09-11,13.350000381469728,ZAG.TO
VAB.TO,Canadian Aggregate Bonds,FIXED_INCOME,North America,Canada,TSX,CAD,Bond ETF,Yahoo Finance,USABLE,64,2026-06-11,2026-09-11,22.229999542236328,VAB.TO
XLB.TO,Canadian Long-Term Bonds,FIXED_INCOME,North America,Canada,TSX,CAD,Bond ETF,Yahoo Finance,USABLE,64,2026-06-11,2026-09-11,17.5,XLB.TO
XSB.TO,Canadian Short-Term Bonds,FIXED_INCOME,North America,Canada,TSX,CAD,Bond ETF,Yahoo Finance,USABLE,64,2026-06-11,2026-09-11,26.520000457763672,XSB.TO
XBB.TO,Canadian Universe Bonds,FIXED_INCOME,North America,Canada,TSX,CAD,Bond ETF,Yahoo Finance,USABLE,64,2026-06-11,2026-09-11,27.280000686645508,XBB.TO
EMLC,EM Local Currency Bonds,FIXED_INCOME,Global,Global,Yahoo Finance,USD,International Bond ETF,Yahoo Finance,USABLE,63,2026-06-12,2026-09-11,25.440000534057617,EMLC
VWOB,Emerging Markets Government Bonds,FIXED_INCOME,Global,Global,Yahoo Finance,USD,International Bond ETF,Yahoo Finance,USABLE,63,2026-06-12,2026-09-11,64.87999725341797,VWOB
LEMB,Emerging Markets Local Currency Bonds,FIXED_INCOME,Global,Global,Yahoo Finance,USD,International Bond ETF,Yahoo Finance,USABLE,63,2026-06-12,2026-09-11,43.0099983215332,LEMB
PCY,Emerging Markets Sovereign Debt,FIXED_INCOME,Global,Global,Yahoo Finance,USD,International Bond ETF,Yahoo Finance,USABLE,63,2026-06-12,2026-09-11,20.71999931335449,PCY
EMB,Emerging Markets USD Bonds,FIXED_INCOME,Global,Global,Yahoo Finance,USD,International Bond ETF,Yahoo Finance,USABLE,63,2026-06-12,2026-09-11,93.33999633789062,EMB
IAGG,International Aggregate Bonds,FIXED_INCOME,Global,Global,Yahoo Finance,USD,International Bond ETF,Yahoo Finance,USABLE,63,2026-06-12,2026-09-11,49.40999984741211,IAGG
BWX,International Treasury,FIXED_INCOME,Global,Global,Yahoo Finance,USD,International Bond ETF,Yahoo Finance,USABLE,63,2026-06-12,2026-09-11,21.770000457763672,BWX
IGOV,International Treasury Bonds,FIXED_INCOME,Global,Global,Yahoo Finance,USD,International Bond ETF,Yahoo Finance,USABLE,63,2026-06-12,2026-09-11,40.91999816894531,IGOV
BNDX,Vanguard Total International Bond,FIXED_INCOME,Global,Global,Yahoo Finance,USD,International Bond ETF,Yahoo Finance,USABLE,63,2026-06-12,2026-09-11,46.9900016784668,BNDX
GILT5YBEES.NS,5 Year Gilt ETF,FIXED_INCOME,Asia,India,NSE,INR,Bond / Fixed Income,Yahoo Finance,USABLE,67,2026-06-11,2026-09-11,66.16000366210938,GILT5YBEES.NS
EBBETF0430.NS,Bharat Bond Apr 2030,FIXED_INCOME,Asia,India,NSE,INR,Bond / Fixed Income,Yahoo Finance,USABLE,67,2026-06-11,2026-09-11,1608.010009765625,EBBETF0430.NS
BBETF0432.NS,Bharat Bond Apr 2032,FIXED_INCOME,Asia,India,NSE,INR,Bond / Fixed Income,Yahoo Finance,USABLE,67,2026-06-11,2026-09-11,1350.4100341796875,BBETF0432.NS
MOGSEC.NS,Government Bond ETF,FIXED_INCOME,Asia,India,NSE,INR,Bond / Fixed Income,Yahoo Finance,USABLE,67,2026-06-11,2026-09-11,65.16999816894531,MOGSEC.NS
GSEC10YEAR.NS,India 10 Year G-Sec ETF,FIXED_INCOME,Asia,India,NSE,INR,Bond / Fixed Income,Yahoo Finance,USABLE,67,2026-06-11,2026-09-11,30.489999771118164,GSEC10YEAR.NS
LIQUIDBEES.NS,Liquid BeES,FIXED_INCOME,Asia,India,NSE,INR,Bond / Fixed Income,Yahoo Finance,USABLE,67,2026-06-11,2026-09-11,1000.0,LIQUIDBEES.NS
LIQUIDETF.NS,Liquid ETF,FIXED_INCOME,Asia,India,NSE,INR,Bond / Fixed Income,Yahoo Finance,USABLE,67,2026-06-11,2026-09-11,1000.0,LIQUIDETF.NS
SLXX.L,UK Corporate Bonds,FIXED_INCOME,Europe,United Kingdom,LSE,GBP,Bond ETF,Yahoo Finance,USABLE,66,2026-06-11,2026-09-11,118.83000183105467,SLXX.L
IEGA.L,UK Gilts,FIXED_INCOME,Europe,United Kingdom,LSE,GBP,Bond ETF,Yahoo Finance,USABLE,66,2026-06-11,2026-09-11,105.26499938964844,IEGA.L
IGLT.L,UK Gilts,FIXED_INCOME,Europe,United Kingdom,LSE,GBP,Bond ETF,Yahoo Finance,USABLE,66,2026-06-11,2026-09-11,9.4975004196167,IGLT.L
IBTS.L,US Treasury 1-3yr UCITS,FIXED_INCOME,Europe,United Kingdom,LSE,GBP,Bond ETF,Yahoo Finance,USABLE,66,2026-06-11,2026-09-11,94.41999816894533,IBTS.L
IDTG.L,US Treasury 20+yr UCITS,FIXED_INCOME,Europe,United Kingdom,LSE,GBP,Bond ETF,Yahoo Finance,USABLE,66,2026-06-11,2026-09-11,2.782500028610229,IDTG.L
IBTM.L,US Treasury 7-10yr UCITS,FIXED_INCOME,Europe,United Kingdom,LSE,GBP,Bond ETF,Yahoo Finance,USABLE,66,2026-06-11,2026-09-11,123.43000030517578,IBTM.L
USHY,Broad USD High Yield Bonds,FIXED_INCOME,North America,United States,NASDAQ/NYSE,USD,Corporate Bond ETF,Yahoo Finance,USABLE,63,2026-06-12,2026-09-11,36.36000061035156,USHY
HYG,High Yield Corporate Bonds,FIXED_INCOME,North America,United States,NASDAQ/NYSE,USD,Corporate Bond ETF,Yahoo Finance,USABLE,63,2026-06-12,2026-09-11,78.5999984741211,HYG
PZA,Invesco Municipal Bonds,FIXED_INCOME,North America,United States,NASDAQ/NYSE,USD,Municipal Bond ETF,Yahoo Finance,USABLE,63,2026-06-12,2026-09-11,22.1200008392334,PZA
LQD,Investment Grade Corporate Bonds,FIXED_INCOME,North America,United States,NASDAQ/NYSE,USD,Corporate Bond ETF,Yahoo Finance,USABLE,63,2026-06-12,2026-09-11,104.31999969482422,LQD
MUB,National Municipal Bonds,FIXED_INCOME,North America,United States,NASDAQ/NYSE,USD,Municipal Bond ETF,Yahoo Finance,USABLE,63,2026-06-12,2026-09-11,103.16999816894533,MUB
BIL,SPDR 1-3 Month T-Bill,FIXED_INCOME,North America,United States,NASDAQ/NYSE,USD,Government Bond ETF,Yahoo Finance,USABLE,63,2026-06-12,2026-09-11,91.5,BIL
SPBO,SPDR Corporate Bonds,FIXED_INCOME,North America,United States,NASDAQ/NYSE,USD,Corporate Bond ETF,Yahoo Finance,USABLE,63,2026-06-12,2026-09-11,27.979999542236328,SPBO
JNK,SPDR High Yield Bonds,FIXED_INCOME,North America,United States,NASDAQ/NYSE,USD,Corporate Bond ETF,Yahoo Finance,USABLE,63,2026-06-12,2026-09-11,94.61000061035156,JNK
SPTI,SPDR Intermediate Treasury,FIXED_INCOME,North America,United States,NASDAQ/NYSE,USD,Government Bond ETF,Yahoo Finance,USABLE,63,2026-06-12,2026-09-11,27.61000061035156,SPTI
SPTL,SPDR Long Treasury,FIXED_INCOME,North America,United States,NASDAQ/NYSE,USD,Government Bond ETF,Yahoo Finance,USABLE,63,2026-06-12,2026-09-11,24.690000534057617,SPTL
SPTS,SPDR Short Treasury,FIXED_INCOME,North America,United States,NASDAQ/NYSE,USD,Government Bond ETF,Yahoo Finance,USABLE,63,2026-06-12,2026-09-11,28.71999931335449,SPTS
SCHR,Schwab Intermediate Treasury,FIXED_INCOME,North America,United States,NASDAQ/NYSE,USD,Government Bond ETF,Yahoo Finance,USABLE,63,2026-06-12,2026-09-11,23.979999542236328,SCHR
SCHQ,Schwab Long Treasury,FIXED_INCOME,North America,United States,NASDAQ/NYSE,USD,Government Bond ETF,Yahoo Finance,USABLE,63,2026-06-12,2026-09-11,29.459999084472656,SCHQ
SCHO,Schwab Short Treasury,FIXED_INCOME,North America,United States,NASDAQ/NYSE,USD,Government Bond ETF,Yahoo Finance,USABLE,63,2026-06-12,2026-09-11,23.920000076293945,SCHO
SUB,Short-Term Municipal Bonds,FIXED_INCOME,North America,United States,NASDAQ/NYSE,USD,Municipal Bond ETF,Yahoo Finance,USABLE,63,2026-06-12,2026-09-11,105.51000213623048,SUB
VCIT,Vanguard Intermediate Corporate,FIXED_INCOME,North America,United States,NASDAQ/NYSE,USD,Corporate Bond ETF,Yahoo Finance,USABLE,63,2026-06-12,2026-09-11,79.5999984741211,VCIT
VGIT,Vanguard Intermediate Treasury,FIXED_INCOME,North America,United States,NASDAQ/NYSE,USD,Government Bond ETF,Yahoo Finance,USABLE,63,2026-06-12,2026-09-11,57.34000015258789,VGIT
VCLT,Vanguard Long Corporate,FIXED_INCOME,North America,United States,NASDAQ/NYSE,USD,Corporate Bond ETF,Yahoo Finance,USABLE,63,2026-06-12,2026-09-11,70.6500015258789,VCLT
VGLT,Vanguard Long-Term Treasury,FIXED_INCOME,North America,United States,NASDAQ/NYSE,USD,Government Bond ETF,Yahoo Finance,USABLE,63,2026-06-12,2026-09-11,51.900001525878906,VGLT
VCSH,Vanguard Short Corporate,FIXED_INCOME,North America,United States,NASDAQ/NYSE,USD,Corporate Bond ETF,Yahoo Finance,USABLE,63,2026-06-12,2026-09-11,77.72000122070312,VCSH
VGSH,Vanguard Short-Term Treasury,FIXED_INCOME,North America,United States,NASDAQ/NYSE,USD,Government Bond ETF,Yahoo Finance,USABLE,63,2026-06-12,2026-09-11,57.68999862670898,VGSH
VTEB,Vanguard Tax-Exempt Bonds,FIXED_INCOME,North America,United States,NASDAQ/NYSE,USD,Municipal Bond ETF,Yahoo Finance,USABLE,63,2026-06-12,2026-09-11,48.43000030517578,VTEB
SGOV,iShares 0-3 Month Treasury,FIXED_INCOME,North America,United States,NASDAQ/NYSE,USD,Government Bond ETF,Yahoo Finance,USABLE,63,2026-06-12,2026-09-11,100.5199966430664,SGOV
SHY,iShares 1-3 Year Treasury,FIXED_INCOME,North America,United States,NASDAQ/NYSE,USD,Government Bond ETF,Yahoo Finance,USABLE,63,2026-06-12,2026-09-11,81.37000274658203,SHY
TLT,iShares 20+ Year Treasury,FIXED_INCOME,North America,United States,NASDAQ/NYSE,USD,Government Bond ETF,Yahoo Finance,USABLE,63,2026-06-12,2026-09-11,80.87000274658203,TLT
IEI,iShares 3-7 Year Treasury,FIXED_INCOME,North America,United States,NASDAQ/NYSE,USD,Government Bond ETF,Yahoo Finance,USABLE,63,2026-06-12,2026-09-11,114.5500030517578,IEI
IEF,iShares 7-10 Year Treasury,FIXED_INCOME,North America,United States,NASDAQ/NYSE,USD,Government Bond ETF,Yahoo Finance,USABLE,63,2026-06-12,2026-09-11,91.01000213623048,IEF
IGIB,iShares Investment Grade Corporate,FIXED_INCOME,North America,United States,NASDAQ/NYSE,USD,Corporate Bond ETF,Yahoo Finance,USABLE,63,2026-06-12,2026-09-11,51.22999954223633,IGIB
GOVT,iShares U.S. Treasury,FIXED_INCOME,North America,United States,NASDAQ/NYSE,USD,Government Bond ETF,Yahoo Finance,USABLE,63,2026-06-12,2026-09-11,22.14999961853028,GOVT
AUDCAD=X,AUD/CAD,FX,Global,Global,Yahoo Finance,USD,Currency Pair,Yahoo Finance,USABLE,68,2026-06-11,2026-09-13,0.9935899972915648,AUDCAD=X
AUDJPY=X,AUD/JPY,FX,Global,Global,Yahoo Finance,USD,Currency Pair,Yahoo Finance,USABLE,67,2026-06-11,2026-09-11,110.11699676513672,AUDJPY=X
AUDUSD=X,AUD/USD,FX,Global,Global,Yahoo Finance,USD,Currency Pair,Yahoo Finance,USABLE,68,2026-06-11,2026-09-13,0.7172572016716003,AUDUSD=X
CADUSD=X,CAD/USD,FX,Global,Global,Yahoo Finance,USD,Currency Pair,Yahoo Finance,USABLE,68,2026-06-11,2026-09-13,0.7210325598716736,CADUSD=X
CHFUSD=X,CHF/USD,FX,Global,Global,Yahoo Finance,USD,Currency Pair,Yahoo Finance,USABLE,68,2026-06-11,2026-09-13,1.2253400087356567,CHFUSD=X
CNYUSD=X,CNY/USD,FX,Global,Global,Yahoo Finance,USD,Currency Pair,Yahoo Finance,USABLE,68,2026-06-11,2026-09-13,0.1490846127271652,CNYUSD=X
EURCHF=X,EUR/CHF,FX,Global,Global,Yahoo Finance,USD,Currency Pair,Yahoo Finance,USABLE,68,2026-06-11,2026-09-13,0.9467300176620485,EURCHF=X
EURGBP=X,EUR/GBP,FX,Global,Global,Yahoo Finance,USD,Currency Pair,Yahoo Finance,USABLE,68,2026-06-11,2026-09-13,0.8579199910163879,EURGBP=X
EURJPY=X,EUR/JPY,FX,Global,Global,Yahoo Finance,USD,Currency Pair,Yahoo Finance,USABLE,68,2026-06-11,2026-09-13,177.25,EURJPY=X
EURUSD=X,EUR/USD,FX,Global,Global,Yahoo Finance,USD,Currency Pair,Yahoo Finance,USABLE,67,2026-06-11,2026-09-11,1.160092830657959,EURUSD=X
GBPJPY=X,GBP/JPY,FX,Global,Global,Yahoo Finance,USD,Currency Pair,Yahoo Finance,USABLE,67,2026-06-11,2026-09-11,207.77099609375,GBPJPY=X
GBPUSD=X,GBP/USD,FX,Global,Global,Yahoo Finance,USD,Currency Pair,Yahoo Finance,USABLE,67,2026-06-11,2026-09-11,1.353033423423767,GBPUSD=X
HKDUSD=X,HKD/USD,FX,Global,Global,Yahoo Finance,USD,Currency Pair,Yahoo Finance,USABLE,68,2026-06-11,2026-09-13,0.1275152415037155,HKDUSD=X
JPYUSD=X,JPY/USD,FX,Global,Global,Yahoo Finance,USD,Currency Pair,Yahoo Finance,USABLE,67,2026-06-11,2026-09-11,0.0065123671665787,JPYUSD=X
NZDJPY=X,NZD/JPY,FX,Global,Global,Yahoo Finance,USD,Currency Pair,Yahoo Finance,USABLE,67,2026-06-11,2026-09-11,89.2979965209961,NZDJPY=X
NZDUSD=X,NZD/USD,FX,Global,Global,Yahoo Finance,USD,Currency Pair,Yahoo Finance,USABLE,68,2026-06-11,2026-09-13,0.5816320776939392,NZDUSD=X
SGDUSD=X,SGD/USD,FX,Global,Global,Yahoo Finance,USD,Currency Pair,Yahoo Finance,USABLE,68,2026-06-11,2026-09-13,0.7892037034034729,SGDUSD=X
USDCAD=X,USD/CAD,FX,Global,Global,Yahoo Finance,USD,Currency Pair,Yahoo Finance,USABLE,68,2026-06-11,2026-09-13,1.3868999481201172,USDCAD=X
USDCHF=X,USD/CHF,FX,Global,Global,Yahoo Finance,USD,Currency Pair,Yahoo Finance,USABLE,68,2026-06-11,2026-09-13,0.816100001335144,USDCHF=X
USDJPY=X,USD/JPY,FX,Global,Global,Yahoo Finance,USD,Currency Pair,Yahoo Finance,USABLE,67,2026-06-11,2026-09-11,153.5540008544922,USDJPY=X
AUDINR=X,AUD/INR,FX,Asia,India,NSE/BSE,INR,Currency Pair,Yahoo Finance,USABLE,68,2026-06-11,2026-09-13,68.49019622802734,AUDINR=X
CADINR=X,CAD/INR,FX,Asia,India,NSE/BSE,INR,Currency Pair,Yahoo Finance,USABLE,68,2026-06-11,2026-09-12,68.87799835205078,CADINR=X
CHFINR=X,CHF/INR,FX,Asia,India,NSE/BSE,INR,Currency Pair,Yahoo Finance,USABLE,67,2026-06-11,2026-09-11,117.0709991455078,CHFINR=X
EURINR=X,EUR/INR,FX,Asia,India,NSE/BSE,INR,Currency Pair,Yahoo Finance,USABLE,68,2026-06-11,2026-09-13,110.79979705810548,EURINR=X
GBPINR=X,GBP/INR,FX,Asia,India,NSE/BSE,INR,Currency Pair,Yahoo Finance,USABLE,68,2026-06-11,2026-09-13,129.18359375,GBPINR=X
JPYINR=X,JPY/INR,FX,Asia,India,NSE/BSE,INR,Currency Pair,Yahoo Finance,USABLE,67,2026-06-11,2026-09-11,0.6214799880981445,JPYINR=X
SGDINR=X,SGD/INR,FX,Asia,India,NSE/BSE,INR,Currency Pair,Yahoo Finance,USABLE,67,2026-06-11,2026-09-11,75.4209976196289,SGDINR=X
USDINR=X,USD/INR,FX,Asia,India,NSE/BSE,INR,Currency Pair,Yahoo Finance,USABLE,68,2026-06-11,2026-09-13,95.5500030517578,USDINR=X
^HSI,Hang Seng,INDEX,Asia-Pacific,Asia-Pacific,Yahoo Finance,USD,Market Index,Yahoo Finance,USABLE,65,2026-06-11,2026-09-11,24805.630859375,^HSI
^JKSE,Jakarta Composite,INDEX,Asia-Pacific,Asia-Pacific,Yahoo Finance,USD,Market Index,Yahoo Finance,USABLE,64,2026-06-11,2026-09-11,6541.376953125,^JKSE
^KS11,KOSPI,INDEX,Asia-Pacific,Asia-Pacific,Yahoo Finance,USD,Market Index,Yahoo Finance,USABLE,65,2026-06-11,2026-09-11,6909.91015625,^KS11
^N225,Nikkei 225,INDEX,Asia-Pacific,Asia-Pacific,Yahoo Finance,USD,Market Index,Yahoo Finance,USABLE,65,2026-06-11,2026-09-11,64011.33984375,^N225
^AXJO,S&P/ASX 200,INDEX,Asia-Pacific,Asia-Pacific,Yahoo Finance,USD,Market Index,Yahoo Finance,USABLE,67,2026-06-11,2026-09-11,8741.2001953125,^AXJO
^STI,Straits Times,INDEX,Asia-Pacific,Asia-Pacific,Yahoo Finance,USD,Market Index,Yahoo Finance,USABLE,66,2026-06-11,2026-09-11,5695.93017578125,^STI
^TWII,Taiwan Weighted,INDEX,Asia-Pacific,Asia-Pacific,Yahoo Finance,USD,Market Index,Yahoo Finance,USABLE,65,2026-06-11,2026-09-11,46184.8515625,^TWII
^AEX,AEX Netherlands,INDEX,Europe,Europe,Yahoo Finance,USD,Market Index,Yahoo Finance,USABLE,67,2026-06-11,2026-09-11,1098.760009765625,^AEX
^FCHI,CAC 40,INDEX,Europe,Europe,Yahoo Finance,USD,Market Index,Yahoo Finance,USABLE,67,2026-06-11,2026-09-11,8179.77001953125,^FCHI
^GDAXI,DAX,INDEX,Europe,Europe,Yahoo Finance,USD,Market Index,Yahoo Finance,USABLE,67,2026-06-11,2026-09-11,25568.560546875,^GDAXI
^STOXX50E,EURO STOXX 50,INDEX,Europe,Europe,Yahoo Finance,USD,Market Index,Yahoo Finance,USABLE,67,2026-06-11,2026-09-11,6325.1298828125,^STOXX50E
^FTSE,FTSE 100,INDEX,Europe,Europe,Yahoo Finance,USD,Market Index,Yahoo Finance,USABLE,66,2026-06-11,2026-09-11,10650.400390625,^FTSE
^IBEX,IBEX 35,INDEX,Europe,Europe,Yahoo Finance,USD,Market Index,Yahoo Finance,USABLE,67,2026-06-11,2026-09-11,19838.5,^IBEX
^SSMI,Swiss Market Index,INDEX,Europe,Europe,Yahoo Finance,USD,Market Index,Yahoo Finance,USABLE,67,2026-06-11,2026-09-11,13775.26953125,^SSMI
^BSESN,BSE Sensex,INDEX,Asia,India,NSE/BSE,INR,Market Index,Yahoo Finance,USABLE,66,2026-06-11,2026-09-11,74781.7578125,^BSESN
^NSEI,NIFTY 50,INDEX,Asia,India,NSE/BSE,INR,Market Index,Yahoo Finance,USABLE,66,2026-06-11,2026-09-11,23398.099609375,^NSEI
^NSEBANK,NIFTY Bank,INDEX,Asia,India,NSE/BSE,INR,Market Index,Yahoo Finance,USABLE,66,2026-06-11,2026-09-11,56606.55078125,^NSEBANK
^CNXIT,NIFTY IT,INDEX,Asia,India,NSE/BSE,INR,Market Index,Yahoo Finance,USABLE,66,2026-06-11,2026-09-11,28921.5,^CNXIT
^CNXPHARMA,NIFTY Pharma,INDEX,Asia,India,NSE/BSE,INR,Market Index,Yahoo Finance,USABLE,66,2026-06-11,2026-09-11,26532.400390625,^CNXPHARMA
^VIX,CBOE Volatility Index,INDEX,North America,United States,NASDAQ/NYSE,USD,Market Index,Yahoo Finance,USABLE,65,2026-06-11,2026-09-11,15.84000015258789,^VIX
^DJI,Dow Jones,INDEX,North America,United States,NASDAQ/NYSE,USD,Market Index,Yahoo Finance,USABLE,63,2026-06-12,2026-09-11,52573.2890625,^DJI
^NDX,NASDAQ 100,INDEX,North America,United States,NASDAQ/NYSE,USD,Market Index,Yahoo Finance,USABLE,63,2026-06-12,2026-09-11,29368.439453125,^NDX
^IXIC,NASDAQ Composite,INDEX,North America,United States,NASDAQ/NYSE,USD,Market Index,Yahoo Finance,USABLE,63,2026-06-12,2026-09-11,26333.0390625,^IXIC
^RUT,Russell 2000,INDEX,North America,United States,NASDAQ/NYSE,USD,Market Index,Yahoo Finance,USABLE,63,2026-06-12,2026-09-11,2903.93994140625,^RUT
^GSPC,S&P 500,INDEX,North America,United States,NASDAQ/NYSE,USD,Market Index,Yahoo Finance,USABLE,63,2026-06-12,2026-09-11,7656.97998046875,^GSPC
